post_type,post_title,post_status,sku,parent_sku,regular_price,sale_price,manage_stock,stock_quantity,categories,description,short_description,meta:_yoast_wpseo_title,meta:_yoast_wpseo_metadesc,meta:_yoast_wpseo_focuskw,meta:_yoast_wpseo_canonical,images,gallery_images,gallery_image_alt,image_filename,image_titles,image_alt,sale_tag,attribute:color,attribute_name:color,attribute:application,attribute_name:application,attribute:closure-style,attribute_name:closure-style,attribute:lining-material,attribute_name:lining-material,attribute:long-strap,attribute_name:long-strap,attribute:number-of-inside-pockets,attribute_name:number-of-inside-pockets,attribute:number-of-outside-pockets,attribute_name:number-of-outside-pockets,attribute:number-of-straps,attribute_name:number-of-straps,attribute:outer-material,attribute_name:outer-material,attribute:suitable-for,attribute_name:suitable-for,attribute:dimention,attribute_name:dimention
product,کیف زنانه کد ۵۷۱۸,publish,5718,,1799000,,yes,10,کیف زنانه>کیف روزمره زنانه,,,کیف زنانه کد 5718,خرید کیف زنانه کد 5718 به رنگ مشکی طرح 1 و مشکی طرح 2 با کیفیت عالی و قیمت مناسب از فروشگاه لوکس‌باز,کیف زنانه کد 5718,https://luxbaz.com/product/women-wallet-5718/,https://luxbaz.com/wp-content/uploads/2026/07/women-wallet-5718-main.webp,https://luxbaz.com/wp-content/uploads/2026/07/women-wallet-5718-main.webp|https://luxbaz.com/wp-content/uploads/2026/07/women-wallet-5718-black-design-1.webp|https://luxbaz.com/wp-content/uploads/2026/07/women-wallet-5718-black-design-2.webp|https://luxbaz.com/wp-content/uploads/2026/07/women-wallet-5718-01.webp|https://luxbaz.com/wp-content/uploads/2026/07/women-wallet-5718-02.webp|https://luxbaz.com/wp-content/uploads/2026/07/women-wallet-5718-03.webp,کیف زنانه کد 5718|کیف زنانه کد 5718 رنگ Black - Design 1|کیف زنانه کد 5718 رنگ Black - Design 2|کیف زنانه کد 5718 - نمای 01|کیف زنانه کد 5718 - نمای 02|کیف زنانه کد 5718 - نمای 03,women-wallet-5718-main.webp|women-wallet-5718-black-design-1.webp|women-wallet-5718-black-design-2.webp|women-wallet-5718-01.webp|women-wallet-5718-02.webp|women-wallet-5718-03.webp,,کیف زنانه کد 5718,,مشکی طرح 1|مشکی طرح 2,رنگ,روزمره,کاربرد,زیپ,نحوه بسته شدن کیف,ساتن,جنس آستر,دارد,بند بلند,1,تعداد جیب داخلی,6,تعداد جیب بیرونی,3,تعداد بند,چرم مصنوعی,جنس رویه,من,مناسب برای,طول: ۳۹cm|عرض: ۱۶cm|کف: ۳۶cm,dimention
product_variation,,publish,5718-Black - Design 1,5718,1799000,,yes,10,,,,,,,,https://luxbaz.com/wp-content/uploads/2026/07/women-wallet-5718-black-design-1.webp,,,women-wallet-5718-black-design-1.webp,کیف زنانه کد ۵۷۱۸ - مشکی طرح 1,کیف زنانه کد ۵۷۱۸ - مشکی طرح 1,,مشکی طرح 1,رنگ,,,,,,,,,,,,,,,,,,,,
product_variation,,publish,5718-Black - Design 2,5718,1799000,,yes,10,,,,,,,,https://luxbaz.com/wp-content/uploads/2026/07/women-wallet-5718-black-design-2.webp,,,women-wallet-5718-black-design-2.webp,کیف زنانه کد ۵۷۱۸ - مشکی طرح 2,کیف زنانه کد ۵۷۱۸ - مشکی طرح 2,,مشکی طرح 2,رنگ,,,,,,,,,,,,,,,,,,,,
product,کوله پشتی کد ۹۰۰۰,publish,9000,,969000,775000,yes,10,کوله ‌پشتی,,,کوله پشتی کد 9000,خرید کوله پشتی کد 9000 به رنگ سفید MK درشت و سفید MK ریز و سفید چهارخونه با کیفیت عالی و قیمت مناسب از فروشگاه لوکس‌باز,کوله پشتی کد 9000,https://luxbaz.com/product/backpack-9000/,https://luxbaz.com/wp-content/uploads/2026/07/backpack-9000-main.webp,https://luxbaz.com/wp-content/uploads/2026/07/backpack-9000-main.webp|https://luxbaz.com/wp-content/uploads/2026/07/backpack-9000-black-checkered-hot-stamped.webp|https://luxbaz.com/wp-content/uploads/2026/07/backpack-9000-black-louis-vuitton-hot-stamped.webp|https://luxbaz.com/wp-content/uploads/2026/07/backpack-9000-black-lizard-pattern.webp|https://luxbaz.com/wp-content/uploads/2026/07/backpack-9000-01.webp|https://luxbaz.com/wp-content/uploads/2026/07/backpack-9000-02.webp|https://luxbaz.com/wp-content/uploads/2026/07/backpack-9000-03.webp|https://luxbaz.com/wp-content/uploads/2026/07/backpack-9000-04.webp|https://luxbaz.com/wp-content/uploads/2026/07/backpack-9000-05.webp,کوله پشتی کد 9000|کوله پشتی کد 9000 رنگ Black Checkered - Hot Stamped|کوله پشتی کد 9000 رنگ Black Louis Vuitton - Hot Stamped|کوله پشتی کد 9000 رنگ Black Lizard Pattern|کوله پشتی کد 9000 - نمای 01|کوله پشتی کد 9000 - نمای 02|کوله پشتی کد 9000 - نمای 03|کوله پشتی کد 9000 - نمای 04|کوله پشتی کد 9000 - نمای 05,backpack-9000-main.webp|backpack-9000-black-checkered-hot-stamped.webp|backpack-9000-black-louis-vuitton-hot-stamped.webp|backpack-9000-black-lizard-pattern.webp|backpack-9000-01.webp|backpack-9000-02.webp|backpack-9000-03.webp|backpack-9000-04.webp|backpack-9000-05.webp,,کوله پشتی کد 9000,تخفیف خورده‌ها,سفید MK درشت|سفید MK ریز|سفید چهارخونه|سفید دیور|عسلی فندی|قهوه ای لویی ویتون درشت|قهوه ای لویی ویتون ریز|کرم چهارخونه|کرم گوچی ریز|مشکی چهارخونه داغی|مشکی لویی ویتون داغی|مشکی لیزارد,رنگ,اسپرت,کاربرد,زیپ,نحوه بسته شدن کیف,ساتن,جنس آستر,دارد,بند بلند,1,تعداد جیب داخلی,2,تعداد جیب بیرونی,2,تعداد بند,چرم مصنوعی,جنس رویه,من,مناسب برای,طول: ۳۰cm|عرض: ۱۰cm|کف: ۲۵cm,dimention
product_variation,,publish,9000-White Michael Kors - Large Logo,9000,969000,775000,yes,10,,,,,,,,https://luxbaz.com/wp-content/uploads/2026/07/backpack-9000-01.webp,,,backpack-9000-01.webp,کوله پشتی کد ۹۰۰۰ - سفید MK درشت,کوله پشتی کد ۹۰۰۰ - سفید MK درشت,,سفید MK درشت,رنگ,,,,,,,,,,,,,,,,,,,,
product_variation,,publish,9000-White Michael Kors - Small Logo,9000,969000,775000,yes,10,,,,,,,,https://luxbaz.com/wp-content/uploads/2026/07/backpack-9000-02.webp,,,backpack-9000-02.webp,کوله پشتی کد ۹۰۰۰ - سفید MK ریز,کوله پشتی کد ۹۰۰۰ - سفید MK ریز,,سفید MK ریز,رنگ,,,,,,,,,,,,,,,,,,,,
product_variation,,publish,9000-White Checkered,9000,969000,775000,yes,10,,,,,,,,https://luxbaz.com/wp-content/uploads/2026/07/backpack-9000-03.webp,,,backpack-9000-03.webp,کوله پشتی کد ۹۰۰۰ - سفید چهارخونه,کوله پشتی کد ۹۰۰۰ - سفید چهارخونه,,سفید چهارخونه,رنگ,,,,,,,,,,,,,,,,,,,,
product_variation,,publish,9000-White Dior,9000,969000,775000,yes,10,,,,,,,,https://luxbaz.com/wp-content/uploads/2026/07/backpack-9000-04.webp,,,backpack-9000-04.webp,کوله پشتی کد ۹۰۰۰ - سفید دیور,کوله پشتی کد ۹۰۰۰ - سفید دیور,,سفید دیور,رنگ,,,,,,,,,,,,,,,,,,,,
product_variation,,publish,9000-Honey Fendi,9000,969000,775000,yes,10,,,,,,,,https://luxbaz.com/wp-content/uploads/2026/07/backpack-9000-05.webp,,,backpack-9000-05.webp,کوله پشتی کد ۹۰۰۰ - عسلی فندی,کوله پشتی کد ۹۰۰۰ - عسلی فندی,,عسلی فندی,رنگ,,,,,,,,,,,,,,,,,,,,
product_variation,,publish,9000-Brown Louis Vuitton - Large Logo,9000,969000,775000,yes,10,,,,,,,,https://luxbaz.com/wp-content/uploads/2026/07/backpack-9000-main.webp,,,backpack-9000-main.webp,کوله پشتی کد ۹۰۰۰ - قهوه ای لویی ویتون درشت,کوله پشتی کد ۹۰۰۰ - قهوه ای لویی ویتون درشت,,قهوه ای لویی ویتون درشت,رنگ,,,,,,,,,,,,,,,,,,,,
product_variation,,publish,9000-Brown Louis Vuitton - Small Logo,9000,969000,775000,yes,10,,,,,,,,https://luxbaz.com/wp-content/uploads/2026/07/backpack-9000-main.webp,,,backpack-9000-main.webp,کوله پشتی کد ۹۰۰۰ - قهوه ای لویی ویتون ریز,کوله پشتی کد ۹۰۰۰ - قهوه ای لویی ویتون ریز,,قهوه ای لویی ویتون ریز,رنگ,,,,,,,,,,,,,,,,,,,,
product_variation,,publish,9000-Cream Checkered,9000,969000,775000,yes,10,,,,,,,,https://luxbaz.com/wp-content/uploads/2026/07/backpack-9000-main.webp,,,backpack-9000-main.webp,کوله پشتی کد ۹۰۰۰ - کرم چهارخونه,کوله پشتی کد ۹۰۰۰ - کرم چهارخونه,,کرم چهارخونه,رنگ,,,,,,,,,,,,,,,,,,,,
product_variation,,publish,9000-Cream Gucci - Small Logo,9000,969000,775000,yes,10,,,,,,,,https://luxbaz.com/wp-content/uploads/2026/07/backpack-9000-main.webp,,,backpack-9000-main.webp,کوله پشتی کد ۹۰۰۰ - کرم گوچی ریز,کوله پشتی کد ۹۰۰۰ - کرم گوچی ریز,,کرم گوچی ریز,رنگ,,,,,,,,,,,,,,,,,,,,
product_variation,,publish,9000-Black Checkered - Hot Stamped,9000,969000,775000,yes,10,,,,,,,,https://luxbaz.com/wp-content/uploads/2026/07/backpack-9000-black-checkered-hot-stamped.webp,,,backpack-9000-black-checkered-hot-stamped.webp,کوله پشتی کد ۹۰۰۰ - مشکی چهارخونه داغی,کوله پشتی کد ۹۰۰۰ - مشکی چهارخونه داغی,,مشکی چهارخونه داغی,رنگ,,,,,,,,,,,,,,,,,,,,
product_variation,,publish,9000-Black Louis Vuitton - Hot Stamped,9000,969000,775000,yes,10,,,,,,,,https://luxbaz.com/wp-content/uploads/2026/07/backpack-9000-black-louis-vuitton-hot-stamped.webp,,,backpack-9000-black-louis-vuitton-hot-stamped.webp,کوله پشتی کد ۹۰۰۰ - مشکی لویی ویتون داغی,کوله پشتی کد ۹۰۰۰ - مشکی لویی ویتون داغی,,مشکی لویی ویتون داغی,رنگ,,,,,,,,,,,,,,,,,,,,
product_variation,,publish,9000-Black Lizard Pattern,9000,969000,775000,yes,10,,,,,,,,https://luxbaz.com/wp-content/uploads/2026/07/backpack-9000-black-lizard-pattern.webp,,,backpack-9000-black-lizard-pattern.webp,کوله پشتی کد ۹۰۰۰ - مشکی لیزارد,کوله پشتی کد ۹۰۰۰ - مشکی لیزارد,,مشکی لیزارد,رنگ,,,,,,,,,,,,,,,,,,,,
product,کوله پشتی کد ۹۱۶۱,publish,9161,,568000,,yes,10,کوله ‌پشتی,,,کوله پشتی کد 9161,خرید کوله پشتی کد 9161 به رنگ آبی طرح 1 و آبی طرح 2 و آبی طرح 4 با کیفیت عالی و قیمت مناسب از فروشگاه لوکس‌باز,کوله پشتی کد 9161,https://luxbaz.com/product/backpack-9161/,https://luxbaz.com/wp-content/uploads/2026/07/backpack-9161-main.webp,https://luxbaz.com/wp-content/uploads/2026/07/backpack-9161-main.webp|https://luxbaz.com/wp-content/uploads/2026/07/backpack-9161-black-design-1.webp|https://luxbaz.com/wp-content/uploads/2026/07/backpack-9161-01.webp|https://luxbaz.com/wp-content/uploads/2026/07/backpack-9161-02.webp|https://luxbaz.com/wp-content/uploads/2026/07/backpack-9161-03.webp|https://luxbaz.com/wp-content/uploads/2026/07/backpack-9161-04.webp|https://luxbaz.com/wp-content/uploads/2026/07/backpack-9161-05.webp|https://luxbaz.com/wp-content/uploads/2026/07/backpack-9161-06.webp|https://luxbaz.com/wp-content/uploads/2026/07/backpack-9161-07.webp|https://luxbaz.com/wp-content/uploads/2026/07/backpack-9161-08.webp|https://luxbaz.com/wp-content/uploads/2026/07/backpack-9161-09.webp,کوله پشتی کد 9161|کوله پشتی کد 9161 رنگ Black - Design 1|کوله پشتی کد 9161 - نمای 01|کوله پشتی کد 9161 - نمای 02|کوله پشتی کد 9161 - نمای 03|کوله پشتی کد 9161 - نمای 04|کوله پشتی کد 9161 - نمای 05|کوله پشتی کد 9161 - نمای 06|کوله پشتی کد 9161 - نمای 07|کوله پشتی کد 9161 - نمای 08|کوله پشتی کد 9161 - نمای 09,backpack-9161-main.webp|backpack-9161-black-design-1.webp|backpack-9161-01.webp|backpack-9161-02.webp|backpack-9161-03.webp|backpack-9161-04.webp|backpack-9161-05.webp|backpack-9161-06.webp|backpack-9161-07.webp|backpack-9161-08.webp|backpack-9161-09.webp,,کوله پشتی کد 9161,,آبی طرح 1|آبی طرح 2|آبی طرح 4|مشکی طرح 1,رنگ,روزمره,کاربرد,زیپ,نحوه بسته شدن کیف,جودون,جنس آستر,دارد,بند بلند,,,,,3,تعداد بند,پارچه ای,جنس رویه,من,مناسب برای,طول: ۳۵cm|عرض: ۱۰cm|کف: ۲۷cm,dimention
product_variation,,publish,9161-Blue - Design 1,9161,568000,,yes,10,,,,,,,,https://luxbaz.com/wp-content/uploads/2026/07/backpack-9161-01.webp,,,backpack-9161-01.webp,کوله پشتی کد ۹۱۶۱ - آبی طرح 1,کوله پشتی کد ۹۱۶۱ - آبی طرح 1,,آبی طرح 1,رنگ,,,,,,,,,,,,,,,,,,,,
product_variation,,publish,9161-Blue - Design 2,9161,568000,,yes,10,,,,,,,,https://luxbaz.com/wp-content/uploads/2026/07/backpack-9161-02.webp,,,backpack-9161-02.webp,کوله پشتی کد ۹۱۶۱ - آبی طرح 2,کوله پشتی کد ۹۱۶۱ - آبی طرح 2,,آبی طرح 2,رنگ,,,,,,,,,,,,,,,,,,,,
product_variation,,publish,9161-Blue - Design 4,9161,568000,,yes,10,,,,,,,,https://luxbaz.com/wp-content/uploads/2026/07/backpack-9161-03.webp,,,backpack-9161-03.webp,کوله پشتی کد ۹۱۶۱ - آبی طرح 4,کوله پشتی کد ۹۱۶۱ - آبی طرح 4,,آبی طرح 4,رنگ,,,,,,,,,,,,,,,,,,,,
product_variation,,publish,9161-Black - Design 1,9161,568000,,yes,10,,,,,,,,https://luxbaz.com/wp-content/uploads/2026/07/backpack-9161-black-design-1.webp,,,backpack-9161-black-design-1.webp,کوله پشتی کد ۹۱۶۱ - مشکی طرح 1,کوله پشتی کد ۹۱۶۱ - مشکی طرح 1,,مشکی طرح 1,رنگ,,,,,,,,,,,,,,,,,,,,
product,کوله پشتی کد ۹۲۶۳,publish,9263,,873000,698000,yes,10,کوله ‌پشتی,,,کوله پشتی کد 9263,خرید کوله پشتی کد 9263 به رنگ مشکی Adidas و مشکی NIKE با کیفیت عالی و قیمت مناسب از فروشگاه لوکس‌باز,کوله پشتی کد 9263,https://luxbaz.com/product/backpack-9263/,https://luxbaz.com/wp-content/uploads/2026/07/backpack-9263-main.webp,https://luxbaz.com/wp-content/uploads/2026/07/backpack-9263-main.webp|https://luxbaz.com/wp-content/uploads/2026/07/backpack-9263-black-adidas.webp|https://luxbaz.com/wp-content/uploads/2026/07/backpack-9263-black-nike.webp|https://luxbaz.com/wp-content/uploads/2026/07/backpack-9263-01.webp|https://luxbaz.com/wp-content/uploads/2026/07/backpack-9263-02.webp|https://luxbaz.com/wp-content/uploads/2026/07/backpack-9263-03.webp|https://luxbaz.com/wp-content/uploads/2026/07/backpack-9263-04.webp|https://luxbaz.com/wp-content/uploads/2026/07/backpack-9263-05.webp,کوله پشتی کد 9263|کوله پشتی کد 9263 رنگ Black Adidas|کوله پشتی کد 9263 رنگ Black Nike|کوله پشتی کد 9263 - نمای 01|کوله پشتی کد 9263 - نمای 02|کوله پشتی کد 9263 - نمای 03|کوله پشتی کد 9263 - نمای 04|کوله پشتی کد 9263 - نمای 05,backpack-9263-main.webp|backpack-9263-black-adidas.webp|backpack-9263-black-nike.webp|backpack-9263-01.webp|backpack-9263-02.webp|backpack-9263-03.webp|backpack-9263-04.webp|backpack-9263-05.webp,,کوله پشتی کد 9263,تخفیف خورده‌ها,مشکی Adidas|مشکی NIKE,رنگ,روزمره,کاربرد,زیپ,نحوه بسته شدن کیف,ساتن,جنس آستر,دارد,بند بلند,1,تعداد جیب داخلی,2,تعداد جیب بیرونی,2,تعداد بند,پارچه ای,جنس رویه,من,مناسب برای,طول: ۳۸cm|عرض: ۱۵cm|کف: ۳۰cm,dimention
product_variation,,publish,9263-Black Adidas,9263,873000,698000,yes,10,,,,,,,,https://luxbaz.com/wp-content/uploads/2026/07/backpack-9263-black-adidas.webp,,,backpack-9263-black-adidas.webp,کوله پشتی کد ۹۲۶۳ - مشکی Adidas,کوله پشتی کد ۹۲۶۳ - مشکی Adidas,,مشکی Adidas,رنگ,,,,,,,,,,,,,,,,,,,,
product_variation,,publish,9263-Black Nike,9263,873000,698000,yes,10,,,,,,,,https://luxbaz.com/wp-content/uploads/2026/07/backpack-9263-black-nike.webp,,,backpack-9263-black-nike.webp,کوله پشتی کد ۹۲۶۳ - مشکی NIKE,کوله پشتی کد ۹۲۶۳ - مشکی NIKE,,مشکی NIKE,رنگ,,,,,,,,,,,,,,,,,,,,
product,کوله پشتی کد ۹۲۶۶,publish,9266,,1799000,,yes,10,کوله ‌پشتی,,,کوله پشتی کد 9266,خرید کوله پشتی کد 9266 به رنگ زرشکی و مشکی با کیفیت عالی و قیمت مناسب از فروشگاه لوکس‌باز,کوله پشتی کد 9266,https://luxbaz.com/product/backpack-9266/,https://luxbaz.com/wp-content/uploads/2026/07/backpack-9266-main.webp,https://luxbaz.com/wp-content/uploads/2026/07/backpack-9266-main.webp|https://luxbaz.com/wp-content/uploads/2026/07/backpack-9266-burgundy.webp|https://luxbaz.com/wp-content/uploads/2026/07/backpack-9266-black.webp|https://luxbaz.com/wp-content/uploads/2026/07/backpack-9266-01.webp,کوله پشتی کد 9266|کوله پشتی کد 9266 رنگ Burgundy|کوله پشتی کد 9266 رنگ black|کوله پشتی کد 9266 - نمای 01,backpack-9266-main.webp|backpack-9266-burgundy.webp|backpack-9266-black.webp|backpack-9266-01.webp,,کوله پشتی کد 9266,,زرشکی|مشکی,رنگ,روزمره,کاربرد,زیپ,نحوه بسته شدن کیف,ساتن,جنس آستر,دارد,بند بلند,,,7,تعداد جیب بیرونی,2,تعداد بند,پارچه ای,جنس رویه,من,مناسب برای,طول: ۴۵cm|عرض: ۱۵cm|کف: ۳۵cm,dimention
product_variation,,publish,9266-Burgundy,9266,1799000,,yes,10,,,,,,,,https://luxbaz.com/wp-content/uploads/2026/07/backpack-9266-burgundy.webp,,,backpack-9266-burgundy.webp,کوله پشتی کد ۹۲۶۶ - زرشکی,کوله پشتی کد ۹۲۶۶ - زرشکی,,زرشکی,رنگ,,,,,,,,,,,,,,,,,,,,
product_variation,,publish,9266-black,9266,1799000,,yes,10,,,,,,,,https://luxbaz.com/wp-content/uploads/2026/07/backpack-9266-black.webp,,,backpack-9266-black.webp,کوله پشتی کد ۹۲۶۶ - مشکی,کوله پشتی کد ۹۲۶۶ - مشکی,,مشکی,رنگ,,,,,,,,,,,,,,,,,,,,
product,کوله پشتی کد ۹۲۶۸,publish,9268,,1799000,,yes,10,کوله ‌پشتی,,,کوله پشتی کد 9268,خرید کوله پشتی کد 9268 به رنگ مشکی با کیفیت عالی و قیمت مناسب از فروشگاه لوکس‌باز,کوله پشتی کد 9268,https://luxbaz.com/product/backpack-9268/,https://luxbaz.com/wp-content/uploads/2026/07/backpack-9268-main.webp,https://luxbaz.com/wp-content/uploads/2026/07/backpack-9268-main.webp|https://luxbaz.com/wp-content/uploads/2026/07/backpack-9268-black.webp|https://luxbaz.com/wp-content/uploads/2026/07/backpack-9268-01.webp|https://luxbaz.com/wp-content/uploads/2026/07/backpack-9268-02.webp|https://luxbaz.com/wp-content/uploads/2026/07/backpack-9268-03.webp|https://luxbaz.com/wp-content/uploads/2026/07/backpack-9268-04.webp,کوله پشتی کد 9268|کوله پشتی کد 9268 رنگ black|کوله پشتی کد 9268 - نمای 01|کوله پشتی کد 9268 - نمای 02|کوله پشتی کد 9268 - نمای 03|کوله پشتی کد 9268 - نمای 04,backpack-9268-main.webp|backpack-9268-black.webp|backpack-9268-01.webp|backpack-9268-02.webp|backpack-9268-03.webp|backpack-9268-04.webp,,کوله پشتی کد 9268,,مشکی,رنگ,مدرسه|دانشگاه,کاربرد,زیپ,نحوه بسته شدن کیف,ساتن,جنس آستر,دارد,بند بلند,,,8,تعداد جیب بیرونی,2,تعداد بند,پارچه ای,جنس رویه,من,مناسب برای,طول: ۵۰cm|عرض: ۱۵cm|کف: ۳۵cm,dimention
product_variation,,publish,9268-black,9268,1799000,,yes,10,,,,,,,,https://luxbaz.com/wp-content/uploads/2026/07/backpack-9268-black.webp,,,backpack-9268-black.webp,کوله پشتی کد ۹۲۶۸ - مشکی,کوله پشتی کد ۹۲۶۸ - مشکی,,مشکی,رنگ,,,,,,,,,,,,,,,,,,,,
product,کوله پشتی کد ۹۲۷۰,publish,9270,,1523000,,yes,10,کوله ‌پشتی,,,کوله پشتی کد 9270,خرید کوله پشتی کد 9270 به رنگ سرمه ای و طوسی روشن و مشکی با کیفیت عالی و قیمت مناسب از فروشگاه لوکس‌باز,کوله پشتی کد 9270,https://luxbaz.com/product/backpack-9270/,https://luxbaz.com/wp-content/uploads/2026/07/backpack-9270-main.webp,https://luxbaz.com/wp-content/uploads/2026/07/backpack-9270-main.webp|https://luxbaz.com/wp-content/uploads/2026/07/backpack-9270-navy-blue.webp|https://luxbaz.com/wp-content/uploads/2026/07/backpack-9270-light-gray.webp|https://luxbaz.com/wp-content/uploads/2026/07/backpack-9270-black.webp|https://luxbaz.com/wp-content/uploads/2026/07/backpack-9270-01.webp|https://luxbaz.com/wp-content/uploads/2026/07/backpack-9270-02.webp|https://luxbaz.com/wp-content/uploads/2026/07/backpack-9270-03.webp,کوله پشتی کد 9270|کوله پشتی کد 9270 رنگ navy Blue|کوله پشتی کد 9270 رنگ Light Gray|کوله پشتی کد 9270 رنگ black|کوله پشتی کد 9270 - نمای 01|کوله پشتی کد 9270 - نمای 02|کوله پشتی کد 9270 - نمای 03,backpack-9270-main.webp|backpack-9270-navy-blue.webp|backpack-9270-light-gray.webp|backpack-9270-black.webp|backpack-9270-01.webp|backpack-9270-02.webp|backpack-9270-03.webp,,کوله پشتی کد 9270,,سرمه ای|طوسی روشن|مشکی,رنگ,مدرسه|دانشگاه,کاربرد,زیپ,نحوه بسته شدن کیف,ساتن,جنس آستر,دارد,بند بلند,,,6,تعداد جیب بیرونی,2,تعداد بند,پارچه ای,جنس رویه,من,مناسب برای,طول: ۴۰cm|عرض: ۱۵cm|کف: ۳۰cm,dimention
product_variation,,publish,9270-navy Blue,9270,1523000,,yes,10,,,,,,,,https://luxbaz.com/wp-content/uploads/2026/07/backpack-9270-navy-blue.webp,,,backpack-9270-navy-blue.webp,کوله پشتی کد ۹۲۷۰ - سرمه ای,کوله پشتی کد ۹۲۷۰ - سرمه ای,,سرمه ای,رنگ,,,,,,,,,,,,,,,,,,,,
product_variation,,publish,9270-Light Gray,9270,1523000,,yes,10,,,,,,,,https://luxbaz.com/wp-content/uploads/2026/07/backpack-9270-light-gray.webp,,,backpack-9270-light-gray.webp,کوله پشتی کد ۹۲۷۰ - طوسی روشن,کوله پشتی کد ۹۲۷۰ - طوسی روشن,,طوسی روشن,رنگ,,,,,,,,,,,,,,,,,,,,
product_variation,,publish,9270-black,9270,1523000,,yes,10,,,,,,,,https://luxbaz.com/wp-content/uploads/2026/07/backpack-9270-black.webp,,,backpack-9270-black.webp,کوله پشتی کد ۹۲۷۰ - مشکی,کوله پشتی کد ۹۲۷۰ - مشکی,,مشکی,رنگ,,,,,,,,,,,,,,,,,,,,
product,کوله پشتی کد ۹۲۷۱,publish,9271,,2622000,,yes,10,کوله ‌پشتی,,,کوله پشتی کد 9271,خرید کوله پشتی کد 9271 به رنگ مشکی با کیفیت عالی و قیمت مناسب از فروشگاه لوکس‌باز,کوله پشتی کد 9271,https://luxbaz.com/product/backpack-9271/,https://luxbaz.com/wp-content/uploads/2026/07/backpack-9271-main.webp,https://luxbaz.com/wp-content/uploads/2026/07/backpack-9271-main.webp|https://luxbaz.com/wp-content/uploads/2026/07/backpack-9271-black.webp|https://luxbaz.com/wp-content/uploads/2026/07/backpack-9271-01.webp|https://luxbaz.com/wp-content/uploads/2026/07/backpack-9271-02.webp|https://luxbaz.com/wp-content/uploads/2026/07/backpack-9271-03.webp,کوله پشتی کد 9271|کوله پشتی کد 9271 رنگ black|کوله پشتی کد 9271 - نمای 01|کوله پشتی کد 9271 - نمای 02|کوله پشتی کد 9271 - نمای 03,backpack-9271-main.webp|backpack-9271-black.webp|backpack-9271-01.webp|backpack-9271-02.webp|backpack-9271-03.webp,,کوله پشتی کد 9271,,مشکی,رنگ,روزمره,کاربرد,زیپ,نحوه بسته شدن کیف,جودون,جنس آستر,دارد,بند بلند,1,تعداد جیب داخلی,10,تعداد جیب بیرونی,3,تعداد بند,پارچه ای,جنس رویه,من,مناسب برای,طول: ۵۰cm|عرض: ۱۵cm|کف: ۳۵cm,dimention
product_variation,,publish,9271-black,9271,2622000,,yes,10,,,,,,,,https://luxbaz.com/wp-content/uploads/2026/07/backpack-9271-black.webp,,,backpack-9271-black.webp,کوله پشتی کد ۹۲۷۱ - مشکی,کوله پشتی کد ۹۲۷۱ - مشکی,,مشکی,رنگ,,,,,,,,,,,,,,,,,,,,
product,کوله پشتی کد ۹۲۷۲,publish,9272,,1661000,,yes,10,کوله ‌پشتی,,,کوله پشتی کد 9272,خرید کوله پشتی کد 9272 به رنگ سبز و سبز مغز پسته ای و سرمه ای با کیفیت عالی و قیمت مناسب از فروشگاه لوکس‌باز,کوله پشتی کد 9272,https://luxbaz.com/product/backpack-9272/,https://luxbaz.com/wp-content/uploads/2026/07/backpack-9272-main.webp,https://luxbaz.com/wp-content/uploads/2026/07/backpack-9272-main.webp|https://luxbaz.com/wp-content/uploads/2026/07/backpack-9272-pink.webp|https://luxbaz.com/wp-content/uploads/2026/07/backpack-9272-dark-gray.webp|https://luxbaz.com/wp-content/uploads/2026/07/backpack-9272-01.webp|https://luxbaz.com/wp-content/uploads/2026/07/backpack-9272-02.webp|https://luxbaz.com/wp-content/uploads/2026/07/backpack-9272-03.webp|https://luxbaz.com/wp-content/uploads/2026/07/backpack-9272-04.webp|https://luxbaz.com/wp-content/uploads/2026/07/backpack-9272-05.webp|https://luxbaz.com/wp-content/uploads/2026/07/backpack-9272-06.webp,کوله پشتی کد 9272|کوله پشتی کد 9272 رنگ pink|کوله پشتی کد 9272 رنگ Dark Gray|کوله پشتی کد 9272 - نمای 01|کوله پشتی کد 9272 - نمای 02|کوله پشتی کد 9272 - نمای 03|کوله پشتی کد 9272 - نمای 04|کوله پشتی کد 9272 - نمای 05|کوله پشتی کد 9272 - نمای 06,backpack-9272-main.webp|backpack-9272-pink.webp|backpack-9272-dark-gray.webp|backpack-9272-01.webp|backpack-9272-02.webp|backpack-9272-03.webp|backpack-9272-04.webp|backpack-9272-05.webp|backpack-9272-06.webp,,کوله پشتی کد 9272,,سبز|سبز مغز پسته ای|سرمه ای|صورتی|طوسی تیره,رنگ,مدرسه|دانشگاه,کاربرد,زیپ,نحوه بسته شدن کیف,ساتن,جنس آستر,دارد,بند بلند,,,6,تعداد جیب بیرونی,2,تعداد بند,پارچه ای,جنس رویه,من,مناسب برای,طول: ۴۰cm|عرض: ۱۵cm|کف: ۳۰cm,dimention
product_variation,,publish,9272-green,9272,1661000,,yes,10,,,,,,,,https://luxbaz.com/wp-content/uploads/2026/07/backpack-9272-01.webp,,,backpack-9272-01.webp,کوله پشتی کد ۹۲۷۲ - سبز,کوله پشتی کد ۹۲۷۲ - سبز,,سبز,رنگ,,,,,,,,,,,,,,,,,,,,
product_variation,,publish,9272-Pistachio Green,9272,1661000,,yes,10,,,,,,,,https://luxbaz.com/wp-content/uploads/2026/07/backpack-9272-02.webp,,,backpack-9272-02.webp,کوله پشتی کد ۹۲۷۲ - سبز مغز پسته ای,کوله پشتی کد ۹۲۷۲ - سبز مغز پسته ای,,سبز مغز پسته ای,رنگ,,,,,,,,,,,,,,,,,,,,
product_variation,,publish,9272-navy Blue,9272,1661000,,yes,10,,,,,,,,https://luxbaz.com/wp-content/uploads/2026/07/backpack-9272-03.webp,,,backpack-9272-03.webp,کوله پشتی کد ۹۲۷۲ - سرمه ای,کوله پشتی کد ۹۲۷۲ - سرمه ای,,سرمه ای,رنگ,,,,,,,,,,,,,,,,,,,,
product_variation,,publish,9272-pink,9272,1661000,,yes,10,,,,,,,,https://luxbaz.com/wp-content/uploads/2026/07/backpack-9272-pink.webp,,,backpack-9272-pink.webp,کوله پشتی کد ۹۲۷۲ - صورتی,کوله پشتی کد ۹۲۷۲ - صورتی,,صورتی,رنگ,,,,,,,,,,,,,,,,,,,,
product_variation,,publish,9272-Dark Gray,9272,1661000,,yes,10,,,,,,,,https://luxbaz.com/wp-content/uploads/2026/07/backpack-9272-dark-gray.webp,,,backpack-9272-dark-gray.webp,کوله پشتی کد ۹۲۷۲ - طوسی تیره,کوله پشتی کد ۹۲۷۲ - طوسی تیره,,طوسی تیره,رنگ,,,,,,,,,,,,,,,,,,,,
product,کوله پشتی کد ۹۲۷۵,publish,9275,,1247000,,yes,10,کوله ‌پشتی,,,کوله پشتی کد 9275,خرید کوله پشتی کد 9275 به رنگ سرمه ای و صورتی و مشکی با کیفیت عالی و قیمت مناسب از فروشگاه لوکس‌باز,کوله پشتی کد 9275,https://luxbaz.com/product/backpack-9275/,https://luxbaz.com/wp-content/uploads/2026/07/backpack-9275-main.webp,https://luxbaz.com/wp-content/uploads/2026/07/backpack-9275-main.webp|https://luxbaz.com/wp-content/uploads/2026/07/backpack-9275-pink.webp|https://luxbaz.com/wp-content/uploads/2026/07/backpack-9275-black.webp|https://luxbaz.com/wp-content/uploads/2026/07/backpack-9275-01.webp|https://luxbaz.com/wp-content/uploads/2026/07/backpack-9275-02.webp|https://luxbaz.com/wp-content/uploads/2026/07/backpack-9275-03.webp|https://luxbaz.com/wp-content/uploads/2026/07/backpack-9275-04.webp,کوله پشتی کد 9275|کوله پشتی کد 9275 رنگ pink|کوله پشتی کد 9275 رنگ black|کوله پشتی کد 9275 - نمای 01|کوله پشتی کد 9275 - نمای 02|کوله پشتی کد 9275 - نمای 03|کوله پشتی کد 9275 - نمای 04,backpack-9275-main.webp|backpack-9275-pink.webp|backpack-9275-black.webp|backpack-9275-01.webp|backpack-9275-02.webp|backpack-9275-03.webp|backpack-9275-04.webp,,کوله پشتی کد 9275,,سرمه ای|صورتی|مشکی,رنگ,روزمره,کاربرد,زیپ,نحوه بسته شدن کیف,ساتن,جنس آستر,دارد,بند بلند,1,تعداد جیب داخلی,7,تعداد جیب بیرونی,3,تعداد بند,پارچه ای,جنس رویه,من,مناسب برای,طول: ۴۰cm|عرض: ۱۵cm|کف: ۳۰cm,dimention
product_variation,,publish,9275-navy Blue,9275,1247000,,yes,10,,,,,,,,https://luxbaz.com/wp-content/uploads/2026/07/backpack-9275-01.webp,,,backpack-9275-01.webp,کوله پشتی کد ۹۲۷۵ - سرمه ای,کوله پشتی کد ۹۲۷۵ - سرمه ای,,سرمه ای,رنگ,,,,,,,,,,,,,,,,,,,,
product_variation,,publish,9275-pink,9275,1247000,,yes,10,,,,,,,,https://luxbaz.com/wp-content/uploads/2026/07/backpack-9275-pink.webp,,,backpack-9275-pink.webp,کوله پشتی کد ۹۲۷۵ - صورتی,کوله پشتی کد ۹۲۷۵ - صورتی,,صورتی,رنگ,,,,,,,,,,,,,,,,,,,,
product_variation,,publish,9275-black,9275,1247000,,yes,10,,,,,,,,https://luxbaz.com/wp-content/uploads/2026/07/backpack-9275-black.webp,,,backpack-9275-black.webp,کوله پشتی کد ۹۲۷۵ - مشکی,کوله پشتی کد ۹۲۷۵ - مشکی,,مشکی,رنگ,,,,,,,,,,,,,,,,,,,,
product,کوله پشتی کد ۹۲۷۸,publish,9278,,1661000,,yes,10,کوله ‌پشتی,,,کوله پشتی کد 9278,خرید کوله پشتی کد 9278 به رنگ آبی و آبی کاربنی و زرشکی با کیفیت عالی و قیمت مناسب از فروشگاه لوکس‌باز,کوله پشتی کد 9278,https://luxbaz.com/product/backpack-9278/,https://luxbaz.com/wp-content/uploads/2026/07/backpack-9278-main.webp,https://luxbaz.com/wp-content/uploads/2026/07/backpack-9278-main.webp|https://luxbaz.com/wp-content/uploads/2026/07/backpack-9278-blue.webp|https://luxbaz.com/wp-content/uploads/2026/07/backpack-9278-navy-blue.webp|https://luxbaz.com/wp-content/uploads/2026/07/backpack-9278-burgundy.webp|https://luxbaz.com/wp-content/uploads/2026/07/backpack-9278-dark-gray.webp|https://luxbaz.com/wp-content/uploads/2026/07/backpack-9278-01.webp|https://luxbaz.com/wp-content/uploads/2026/07/backpack-9278-02.webp|https://luxbaz.com/wp-content/uploads/2026/07/backpack-9278-03.webp|https://luxbaz.com/wp-content/uploads/2026/07/backpack-9278-04.webp|https://luxbaz.com/wp-content/uploads/2026/07/backpack-9278-05.webp|https://luxbaz.com/wp-content/uploads/2026/07/backpack-9278-06.webp,کوله پشتی کد 9278|کوله پشتی کد 9278 رنگ blue|کوله پشتی کد 9278 رنگ blue|کوله پشتی کد 9278 رنگ Burgundy|کوله پشتی کد 9278 رنگ Dark Gray|کوله پشتی کد 9278 - نمای 01|کوله پشتی کد 9278 - نمای 02|کوله پشتی کد 9278 - نمای 03|کوله پشتی کد 9278 - نمای 04|کوله پشتی کد 9278 - نمای 05|کوله پشتی کد 9278 - نمای 06,backpack-9278-main.webp|backpack-9278-blue.webp|backpack-9278-navy-blue.webp|backpack-9278-burgundy.webp|backpack-9278-dark-gray.webp|backpack-9278-01.webp|backpack-9278-02.webp|backpack-9278-03.webp|backpack-9278-04.webp|backpack-9278-05.webp|backpack-9278-06.webp,,کوله پشتی کد 9278,,آبی|آبی کاربنی|زرشکی|سبز سدری|طوسی تیره|یاسی,رنگ,روزمره,کاربرد,زیپ,نحوه بسته شدن کیف,ساتن,جنس آستر,دارد,بند بلند,,,4,تعداد جیب بیرونی,2,تعداد بند,پارچه ای,جنس رویه,من,مناسب برای,طول: ۴۰cm|عرض: ۱۵cm|کف: ۳۰cm,dimention
product_variation,,publish,9278-blue,9278,1661000,,yes,10,,,,,,,,https://luxbaz.com/wp-content/uploads/2026/07/backpack-9278-blue.webp,,,backpack-9278-blue.webp,کوله پشتی کد ۹۲۷۸ - آبی,کوله پشتی کد ۹۲۷۸ - آبی,,آبی,رنگ,,,,,,,,,,,,,,,,,,,,
product_variation,,publish,9278-Navy Blue,9278,1661000,,yes,10,,,,,,,,https://luxbaz.com/wp-content/uploads/2026/07/backpack-9278-navy-blue.webp,,,backpack-9278-navy-blue.webp,کوله پشتی کد ۹۲۷۸ - آبی کاربنی,کوله پشتی کد ۹۲۷۸ - آبی کاربنی,,آبی کاربنی,رنگ,,,,,,,,,,,,,,,,,,,,
product_variation,,publish,9278-Burgundy,9278,1661000,,yes,10,,,,,,,,https://luxbaz.com/wp-content/uploads/2026/07/backpack-9278-burgundy.webp,,,backpack-9278-burgundy.webp,کوله پشتی کد ۹۲۷۸ - زرشکی,کوله پشتی کد ۹۲۷۸ - زرشکی,,زرشکی,رنگ,,,,,,,,,,,,,,,,,,,,
product_variation,,publish,9278-Sage Green,9278,1661000,,yes,10,,,,,,,,https://luxbaz.com/wp-content/uploads/2026/07/backpack-9278-01.webp,,,backpack-9278-01.webp,کوله پشتی کد ۹۲۷۸ - سبز سدری,کوله پشتی کد ۹۲۷۸ - سبز سدری,,سبز سدری,رنگ,,,,,,,,,,,,,,,,,,,,
product_variation,,publish,9278-Dark Gray,9278,1661000,,yes,10,,,,,,,,https://luxbaz.com/wp-content/uploads/2026/07/backpack-9278-dark-gray.webp,,,backpack-9278-dark-gray.webp,کوله پشتی کد ۹۲۷۸ - طوسی تیره,کوله پشتی کد ۹۲۷۸ - طوسی تیره,,طوسی تیره,رنگ,,,,,,,,,,,,,,,,,,,,
product_variation,,publish,9278-Lilac,9278,1661000,,yes,10,,,,,,,,https://luxbaz.com/wp-content/uploads/2026/07/backpack-9278-02.webp,,,backpack-9278-02.webp,کوله پشتی کد ۹۲۷۸ - یاسی,کوله پشتی کد ۹۲۷۸ - یاسی,,یاسی,رنگ,,,,,,,,,,,,,,,,,,,,
product,کوله پشتی کد ۹۲۸۰,publish,9280,,687000,,yes,10,کوله ‌پشتی,,,کوله پشتی کد 9280,خرید کوله پشتی کد 9280 به رنگ طوسی تیره نانسی با کیفیت عالی و قیمت مناسب از فروشگاه لوکس‌باز,کوله پشتی کد 9280,https://luxbaz.com/product/backpack-9280/,https://luxbaz.com/wp-content/uploads/2026/07/backpack-9280-main.webp,https://luxbaz.com/wp-content/uploads/2026/07/backpack-9280-main.webp|https://luxbaz.com/wp-content/uploads/2026/07/backpack-9280-01.webp|https://luxbaz.com/wp-content/uploads/2026/07/backpack-9280-02.webp|https://luxbaz.com/wp-content/uploads/2026/07/backpack-9280-03.webp|https://luxbaz.com/wp-content/uploads/2026/07/backpack-9280-04.webp,کوله پشتی کد 9280|کوله پشتی کد 9280 - نمای 01|کوله پشتی کد 9280 - نمای 02|کوله پشتی کد 9280 - نمای 03|کوله پشتی کد 9280 - نمای 04,backpack-9280-main.webp|backpack-9280-01.webp|backpack-9280-02.webp|backpack-9280-03.webp|backpack-9280-04.webp,,کوله پشتی کد 9280,,طوسی تیره نانسی,رنگ,روزمره,کاربرد,زیپ,نحوه بسته شدن کیف,ساتن,جنس آستر,دارد,بند بلند,,,6,تعداد جیب بیرونی,2,تعداد بند,پارچه ای,جنس رویه,من,مناسب برای,طول: ۴۰cm|عرض: ۱۰cm|کف: ۳۰cm,dimention
product_variation,,publish,9280-Dark Grey Nancy,9280,687000,,yes,10,,,,,,,,https://luxbaz.com/wp-content/uploads/2026/07/backpack-9280-01.webp,,,backpack-9280-01.webp,کوله پشتی کد ۹۲۸۰ - طوسی تیره نانسی,کوله پشتی کد ۹۲۸۰ - طوسی تیره نانسی,,طوسی تیره نانسی,رنگ,,,,,,,,,,,,,,,,,,,,
product,کوله پشتی کد ۹۲۸۵,publish,9285,,1275000,1020000,yes,10,کوله ‌پشتی,,,کوله پشتی کد 9285,خرید کوله پشتی کد 9285 به رنگ مشکی طوسی روشن و نارنجی کرم با کیفیت عالی و قیمت مناسب از فروشگاه لوکس‌باز,کوله پشتی کد 9285,https://luxbaz.com/product/backpack-9285/,https://luxbaz.com/wp-content/uploads/2026/07/backpack-9285-main.webp,https://luxbaz.com/wp-content/uploads/2026/07/backpack-9285-main.webp|https://luxbaz.com/wp-content/uploads/2026/07/backpack-9285-black-&-light-gray.webp|https://luxbaz.com/wp-content/uploads/2026/07/backpack-9285-01.webp|https://luxbaz.com/wp-content/uploads/2026/07/backpack-9285-02.webp|https://luxbaz.com/wp-content/uploads/2026/07/backpack-9285-03.webp|https://luxbaz.com/wp-content/uploads/2026/07/backpack-9285-04.webp|https://luxbaz.com/wp-content/uploads/2026/07/backpack-9285-05.webp|https://luxbaz.com/wp-content/uploads/2026/07/backpack-9285-06.webp|https://luxbaz.com/wp-content/uploads/2026/07/backpack-9285-07.webp|https://luxbaz.com/wp-content/uploads/2026/07/backpack-9285-08.webp|https://luxbaz.com/wp-content/uploads/2026/07/backpack-9285-09.webp|https://luxbaz.com/wp-content/uploads/2026/07/backpack-9285-10.webp|https://luxbaz.com/wp-content/uploads/2026/07/backpack-9285-11.webp|https://luxbaz.com/wp-content/uploads/2026/07/backpack-9285-12.webp,کوله پشتی کد 9285|کوله پشتی کد 9285 رنگ Black & Light Gray|کوله پشتی کد 9285 - نمای 01|کوله پشتی کد 9285 - نمای 02|کوله پشتی کد 9285 - نمای 03|کوله پشتی کد 9285 - نمای 04|کوله پشتی کد 9285 - نمای 05|کوله پشتی کد 9285 - نمای 06|کوله پشتی کد 9285 - نمای 07|کوله پشتی کد 9285 - نمای 08|کوله پشتی کد 9285 - نمای 09|کوله پشتی کد 9285 - نمای 10|کوله پشتی کد 9285 - نمای 11|کوله پشتی کد 9285 - نمای 12,backpack-9285-main.webp|backpack-9285-black-&-light-gray.webp|backpack-9285-01.webp|backpack-9285-02.webp|backpack-9285-03.webp|backpack-9285-04.webp|backpack-9285-05.webp|backpack-9285-06.webp|backpack-9285-07.webp|backpack-9285-08.webp|backpack-9285-09.webp|backpack-9285-10.webp|backpack-9285-11.webp|backpack-9285-12.webp,,کوله پشتی کد 9285,تخفیف خورده‌ها,مشکی طوسی روشن|نارنجی کرم,رنگ,مدرسه|دانشگاه,کاربرد,زیپ,نحوه بسته شدن کیف,ساتن,جنس آستر,دارد,بند بلند,,,7,تعداد جیب بیرونی,2,تعداد بند,پارچه ای,جنس رویه,من,مناسب برای,طول: ۴۰cm|عرض: ۱۵cm|کف: ۳۰cm,dimention
product_variation,,publish,9285-Black & Light Gray,9285,1275000,1020000,yes,10,,,,,,,,https://luxbaz.com/wp-content/uploads/2026/07/backpack-9285-black-&-light-gray.webp,,,backpack-9285-black-&-light-gray.webp,کوله پشتی کد ۹۲۸۵ - مشکی طوسی روشن,کوله پشتی کد ۹۲۸۵ - مشکی طوسی روشن,,مشکی طوسی روشن,رنگ,,,,,,,,,,,,,,,,,,,,
product_variation,,publish,9285-Orange & Cream,9285,1275000,1020000,yes,10,,,,,,,,https://luxbaz.com/wp-content/uploads/2026/07/backpack-9285-01.webp,,,backpack-9285-01.webp,کوله پشتی کد ۹۲۸۵ - نارنجی کرم,کوله پشتی کد ۹۲۸۵ - نارنجی کرم,,نارنجی کرم,رنگ,,,,,,,,,,,,,,,,,,,,
product,کوله پشتی کد ۹۲۸۸,publish,9288,,1055000,844000,yes,10,کوله ‌پشتی,,,کوله پشتی کد 9288,خرید کوله پشتی کد 9288 به رنگ آبی و زرد خردلی سنگی و سبز شرانگ با کیفیت عالی و قیمت مناسب از فروشگاه لوکس‌باز,کوله پشتی کد 9288,https://luxbaz.com/product/backpack-9288/,https://luxbaz.com/wp-content/uploads/2026/07/backpack-9288-main.webp,https://luxbaz.com/wp-content/uploads/2026/07/backpack-9288-main.webp|https://luxbaz.com/wp-content/uploads/2026/07/backpack-9288-blue.webp|https://luxbaz.com/wp-content/uploads/2026/07/backpack-9288-black-shrink-pattern.webp|https://luxbaz.com/wp-content/uploads/2026/07/backpack-9288-01.webp|https://luxbaz.com/wp-content/uploads/2026/07/backpack-9288-02.webp|https://luxbaz.com/wp-content/uploads/2026/07/backpack-9288-03.webp|https://luxbaz.com/wp-content/uploads/2026/07/backpack-9288-04.webp|https://luxbaz.com/wp-content/uploads/2026/07/backpack-9288-05.webp|https://luxbaz.com/wp-content/uploads/2026/07/backpack-9288-06.webp|https://luxbaz.com/wp-content/uploads/2026/07/backpack-9288-07.webp|https://luxbaz.com/wp-content/uploads/2026/07/backpack-9288-08.webp|https://luxbaz.com/wp-content/uploads/2026/07/backpack-9288-09.webp|https://luxbaz.com/wp-content/uploads/2026/07/backpack-9288-10.webp|https://luxbaz.com/wp-content/uploads/2026/07/backpack-9288-11.webp|https://luxbaz.com/wp-content/uploads/2026/07/backpack-9288-12.webp|https://luxbaz.com/wp-content/uploads/2026/07/backpack-9288-13.webp,کوله پشتی کد 9288|کوله پشتی کد 9288 رنگ blue|کوله پشتی کد 9288 رنگ Black Shrink Pattern|کوله پشتی کد 9288 - نمای 01|کوله پشتی کد 9288 - نمای 02|کوله پشتی کد 9288 - نمای 03|کوله پشتی کد 9288 - نمای 04|کوله پشتی کد 9288 - نمای 05|کوله پشتی کد 9288 - نمای 06|کوله پشتی کد 9288 - نمای 07|کوله پشتی کد 9288 - نمای 08|کوله پشتی کد 9288 - نمای 09|کوله پشتی کد 9288 - نمای 10|کوله پشتی کد 9288 - نمای 11|کوله پشتی کد 9288 - نمای 12|کوله پشتی کد 9288 - نمای 13,backpack-9288-main.webp|backpack-9288-blue.webp|backpack-9288-black-shrink-pattern.webp|backpack-9288-01.webp|backpack-9288-02.webp|backpack-9288-03.webp|backpack-9288-04.webp|backpack-9288-05.webp|backpack-9288-06.webp|backpack-9288-07.webp|backpack-9288-08.webp|backpack-9288-09.webp|backpack-9288-10.webp|backpack-9288-11.webp|backpack-9288-12.webp|backpack-9288-13.webp,,کوله پشتی کد 9288,تخفیف خورده‌ها,آبی|زرد خردلی سنگی|سبز شرانگ|سرخابی|سرخابی شرانگ|سفید شرانگ|صورتی شرانگ|عسلی|مشکی شرانگ|نارنجی سنگی|یاسی شرانگ,رنگ,روزمره,کاربرد,زیپ,نحوه بسته شدن کیف,ساتن,جنس آستر,دارد,بند بلند,,,1,تعداد جیب بیرونی,2,تعداد بند,چرم مصنوعی,جنس رویه,من,مناسب برای,طول: ۲۲cm|عرض: ۸cm|کف: ۱۷cm,dimention
product_variation,,publish,9288-blue,9288,1055000,844000,yes,10,,,,,,,,https://luxbaz.com/wp-content/uploads/2026/07/backpack-9288-blue.webp,,,backpack-9288-blue.webp,کوله پشتی کد ۹۲۸۸ - آبی,کوله پشتی کد ۹۲۸۸ - آبی,,آبی,رنگ,,,,,,,,,,,,,,,,,,,,
product_variation,,publish,9288-Mustard Stone,9288,1055000,844000,yes,10,,,,,,,,https://luxbaz.com/wp-content/uploads/2026/07/backpack-9288-01.webp,,,backpack-9288-01.webp,کوله پشتی کد ۹۲۸۸ - زرد خردلی سنگی,کوله پشتی کد ۹۲۸۸ - زرد خردلی سنگی,,زرد خردلی سنگی,رنگ,,,,,,,,,,,,,,,,,,,,
product_variation,,publish,9288-Green Shrink Pattern,9288,1055000,844000,yes,10,,,,,,,,https://luxbaz.com/wp-content/uploads/2026/07/backpack-9288-02.webp,,,backpack-9288-02.webp,کوله پشتی کد ۹۲۸۸ - سبز شرانگ,کوله پشتی کد ۹۲۸۸ - سبز شرانگ,,سبز شرانگ,رنگ,,,,,,,,,,,,,,,,,,,,
product_variation,,publish,9288-Fuchsia,9288,1055000,844000,yes,10,,,,,,,,https://luxbaz.com/wp-content/uploads/2026/07/backpack-9288-03.webp,,,backpack-9288-03.webp,کوله پشتی کد ۹۲۸۸ - سرخابی,کوله پشتی کد ۹۲۸۸ - سرخابی,,سرخابی,رنگ,,,,,,,,,,,,,,,,,,,,
product_variation,,publish,9288-Crimson Shrang,9288,1055000,844000,yes,10,,,,,,,,https://luxbaz.com/wp-content/uploads/2026/07/backpack-9288-04.webp,,,backpack-9288-04.webp,کوله پشتی کد ۹۲۸۸ - سرخابی شرانگ,کوله پشتی کد ۹۲۸۸ - سرخابی شرانگ,,سرخابی شرانگ,رنگ,,,,,,,,,,,,,,,,,,,,
product_variation,,publish,9288-White Shrang,9288,1055000,844000,yes,10,,,,,,,,https://luxbaz.com/wp-content/uploads/2026/07/backpack-9288-05.webp,,,backpack-9288-05.webp,کوله پشتی کد ۹۲۸۸ - سفید شرانگ,کوله پشتی کد ۹۲۸۸ - سفید شرانگ,,سفید شرانگ,رنگ,,,,,,,,,,,,,,,,,,,,
product_variation,,publish,9288-Pink Shrang,9288,1055000,844000,yes,10,,,,,,,,https://luxbaz.com/wp-content/uploads/2026/07/backpack-9288-06.webp,,,backpack-9288-06.webp,کوله پشتی کد ۹۲۸۸ - صورتی شرانگ,کوله پشتی کد ۹۲۸۸ - صورتی شرانگ,,صورتی شرانگ,رنگ,,,,,,,,,,,,,,,,,,,,
product_variation,,publish,9288-honey,9288,1055000,844000,yes,10,,,,,,,,https://luxbaz.com/wp-content/uploads/2026/07/backpack-9288-07.webp,,,backpack-9288-07.webp,کوله پشتی کد ۹۲۸۸ - عسلی,کوله پشتی کد ۹۲۸۸ - عسلی,,عسلی,رنگ,,,,,,,,,,,,,,,,,,,,
product_variation,,publish,9288-Black Shrink Pattern,9288,1055000,844000,yes,10,,,,,,,,https://luxbaz.com/wp-content/uploads/2026/07/backpack-9288-black-shrink-pattern.webp,,,backpack-9288-black-shrink-pattern.webp,کوله پشتی کد ۹۲۸۸ - مشکی شرانگ,کوله پشتی کد ۹۲۸۸ - مشکی شرانگ,,مشکی شرانگ,رنگ,,,,,,,,,,,,,,,,,,,,
product_variation,,publish,9288-Orange Stone,9288,1055000,844000,yes,10,,,,,,,,https://luxbaz.com/wp-content/uploads/2026/07/backpack-9288-08.webp,,,backpack-9288-08.webp,کوله پشتی کد ۹۲۸۸ - نارنجی سنگی,کوله پشتی کد ۹۲۸۸ - نارنجی سنگی,,نارنجی سنگی,رنگ,,,,,,,,,,,,,,,,,,,,
product_variation,,publish,9288-Lilac Shrang,9288,1055000,844000,yes,10,,,,,,,,https://luxbaz.com/wp-content/uploads/2026/07/backpack-9288-09.webp,,,backpack-9288-09.webp,کوله پشتی کد ۹۲۸۸ - یاسی شرانگ,کوله پشتی کد ۹۲۸۸ - یاسی شرانگ,,یاسی شرانگ,رنگ,,,,,,,,,,,,,,,,,,,,
product,کوله پشتی کد ۹۲۸۹,publish,9289,,3317000,,yes,10,کوله ‌پشتی,,,کوله پشتی کد 9289,خرید کوله پشتی کد 9289 به رنگ مشکی و مشکی سبز سدری و مشکی سرمه ای با کیفیت عالی و قیمت مناسب از فروشگاه لوکس‌باز,کوله پشتی کد 9289,https://luxbaz.com/product/backpack-9289/,https://luxbaz.com/wp-content/uploads/2026/07/backpack-9289-main.webp,https://luxbaz.com/wp-content/uploads/2026/07/backpack-9289-main.webp|https://luxbaz.com/wp-content/uploads/2026/07/backpack-9289-black.webp|https://luxbaz.com/wp-content/uploads/2026/07/backpack-9289-black-cedar-green.webp|https://luxbaz.com/wp-content/uploads/2026/07/backpack-9289-black-navy.webp|https://luxbaz.com/wp-content/uploads/2026/07/backpack-9289-black-&-light-gray.webp|https://luxbaz.com/wp-content/uploads/2026/07/backpack-9289-01.webp|https://luxbaz.com/wp-content/uploads/2026/07/backpack-9289-02.webp|https://luxbaz.com/wp-content/uploads/2026/07/backpack-9289-03.webp|https://luxbaz.com/wp-content/uploads/2026/07/backpack-9289-04.webp|https://luxbaz.com/wp-content/uploads/2026/07/backpack-9289-05.webp,کوله پشتی کد 9289|کوله پشتی کد 9289 رنگ black|کوله پشتی کد 9289 رنگ Black Cedar Green|کوله پشتی کد 9289 رنگ Black Navy|کوله پشتی کد 9289 رنگ Black & Light Gray|کوله پشتی کد 9289 - نمای 01|کوله پشتی کد 9289 - نمای 02|کوله پشتی کد 9289 - نمای 03|کوله پشتی کد 9289 - نمای 04|کوله پشتی کد 9289 - نمای 05,backpack-9289-main.webp|backpack-9289-black.webp|backpack-9289-black-cedar-green.webp|backpack-9289-black-navy.webp|backpack-9289-black-&-light-gray.webp|backpack-9289-01.webp|backpack-9289-02.webp|backpack-9289-03.webp|backpack-9289-04.webp|backpack-9289-05.webp,,کوله پشتی کد 9289,,مشکی|مشکی سبز سدری|مشکی سرمه ای|مشکی طوسی روشن,رنگ,روزمره,کاربرد,زیپ,نحوه بسته شدن کیف,ساتن,جنس آستر,دارد,بند بلند,3,تعداد جیب داخلی,4,تعداد جیب بیرونی,2,تعداد بند,پارچه ای,جنس رویه,من,مناسب برای,طول: ۴۷cm|عرض: ۱۵cm|کف: ۲۹cm,dimention
product_variation,,publish,9289-black,9289,3317000,,yes,10,,,,,,,,https://luxbaz.com/wp-content/uploads/2026/07/backpack-9289-black.webp,,,backpack-9289-black.webp,کوله پشتی کد ۹۲۸۹ - مشکی,کوله پشتی کد ۹۲۸۹ - مشکی,,مشکی,رنگ,,,,,,,,,,,,,,,,,,,,
product_variation,,publish,9289-Black Cedar Green,9289,3317000,,yes,10,,,,,,,,https://luxbaz.com/wp-content/uploads/2026/07/backpack-9289-black-cedar-green.webp,,,backpack-9289-black-cedar-green.webp,کوله پشتی کد ۹۲۸۹ - مشکی سبز سدری,کوله پشتی کد ۹۲۸۹ - مشکی سبز سدری,,مشکی سبز سدری,رنگ,,,,,,,,,,,,,,,,,,,,
product_variation,,publish,9289-Black Navy,9289,3317000,,yes,10,,,,,,,,https://luxbaz.com/wp-content/uploads/2026/07/backpack-9289-black-navy.webp,,,backpack-9289-black-navy.webp,کوله پشتی کد ۹۲۸۹ - مشکی سرمه ای,کوله پشتی کد ۹۲۸۹ - مشکی سرمه ای,,مشکی سرمه ای,رنگ,,,,,,,,,,,,,,,,,,,,
product_variation,,publish,9289-Black & Light Gray,9289,3317000,,yes,10,,,,,,,,https://luxbaz.com/wp-content/uploads/2026/07/backpack-9289-black-&-light-gray.webp,,,backpack-9289-black-&-light-gray.webp,کوله پشتی کد ۹۲۸۹ - مشکی طوسی روشن,کوله پشتی کد ۹۲۸۹ - مشکی طوسی روشن,,مشکی طوسی روشن,رنگ,,,,,,,,,,,,,,,,,,,,
product,کوله پشتی کد ۹۲۹۱,publish,9291,,1799000,,yes,10,کوله ‌پشتی,,,کوله پشتی کد 9291,خرید کوله پشتی کد 9291 به رنگ مشکی با کیفیت عالی و قیمت مناسب از فروشگاه لوکس‌باز,کوله پشتی کد 9291,https://luxbaz.com/product/backpack-9291/,https://luxbaz.com/wp-content/uploads/2026/07/backpack-9291-main.webp,https://luxbaz.com/wp-content/uploads/2026/07/backpack-9291-main.webp|https://luxbaz.com/wp-content/uploads/2026/07/backpack-9291-black.webp|https://luxbaz.com/wp-content/uploads/2026/07/backpack-9291-01.webp|https://luxbaz.com/wp-content/uploads/2026/07/backpack-9291-02.webp,کوله پشتی کد 9291|کوله پشتی کد 9291 رنگ black|کوله پشتی کد 9291 - نمای 01|کوله پشتی کد 9291 - نمای 02,backpack-9291-main.webp|backpack-9291-black.webp|backpack-9291-01.webp|backpack-9291-02.webp,,کوله پشتی کد 9291,,مشکی,رنگ,روزمره,کاربرد,زیپ,نحوه بسته شدن کیف,ساتن,جنس آستر,دارد,بند بلند,1,تعداد جیب داخلی,6,تعداد جیب بیرونی,2,تعداد بند,پارچه ای,جنس رویه,من,مناسب برای,طول: ۴۵cm|عرض: ۱۲cm|کف: ۴۰cm,dimention
product_variation,,publish,9291-black,9291,1799000,,yes,10,,,,,,,,https://luxbaz.com/wp-content/uploads/2026/07/backpack-9291-black.webp,,,backpack-9291-black.webp,کوله پشتی کد ۹۲۹۱ - مشکی,کوله پشتی کد ۹۲۹۱ - مشکی,,مشکی,رنگ,,,,,,,,,,,,,,,,,,,,
product,کوله پشتی کد ۹۲۹۳,publish,9293,,1319000,1055000,yes,10,کوله ‌پشتی,,,کوله پشتی کد 9293,خرید کوله پشتی کد 9293 به رنگ زرشکی سفید و سرخابی نانسی و صورتی نانسی با کیفیت عالی و قیمت مناسب از فروشگاه لوکس‌باز,کوله پشتی کد 9293,https://luxbaz.com/product/backpack-9293/,https://luxbaz.com/wp-content/uploads/2026/07/backpack-9293-main.webp,https://luxbaz.com/wp-content/uploads/2026/07/backpack-9293-main.webp|https://luxbaz.com/wp-content/uploads/2026/07/backpack-9293-light-cream-nancy.webp|https://luxbaz.com/wp-content/uploads/2026/07/backpack-9293-black-&-white.webp|https://luxbaz.com/wp-content/uploads/2026/07/backpack-9293-black-nancy.webp|https://luxbaz.com/wp-content/uploads/2026/07/backpack-9293-coffee.webp|https://luxbaz.com/wp-content/uploads/2026/07/backpack-9293-coffee-&-cream.webp|https://luxbaz.com/wp-content/uploads/2026/07/backpack-9293-01.webp|https://luxbaz.com/wp-content/uploads/2026/07/backpack-9293-02.webp|https://luxbaz.com/wp-content/uploads/2026/07/backpack-9293-03.webp|https://luxbaz.com/wp-content/uploads/2026/07/backpack-9293-04.webp|https://luxbaz.com/wp-content/uploads/2026/07/backpack-9293-05.webp|https://luxbaz.com/wp-content/uploads/2026/07/backpack-9293-06.webp|https://luxbaz.com/wp-content/uploads/2026/07/backpack-9293-07.webp|https://luxbaz.com/wp-content/uploads/2026/07/backpack-9293-08.webp,کوله پشتی کد 9293|کوله پشتی کد 9293 رنگ Light Cream Nancy|کوله پشتی کد 9293 رنگ Black & White|کوله پشتی کد 9293 رنگ Black Nancy|کوله پشتی کد 9293 رنگ Coffee|کوله پشتی کد 9293 رنگ Coffee & Cream|کوله پشتی کد 9293 - نمای 01|کوله پشتی کد 9293 - نمای 02|کوله پشتی کد 9293 - نمای 03|کوله پشتی کد 9293 - نمای 04|کوله پشتی کد 9293 - نمای 05|کوله پشتی کد 9293 - نمای 06|کوله پشتی کد 9293 - نمای 07|کوله پشتی کد 9293 - نمای 08,backpack-9293-main.webp|backpack-9293-light-cream-nancy.webp|backpack-9293-black-&-white.webp|backpack-9293-black-nancy.webp|backpack-9293-coffee.webp|backpack-9293-coffee-&-cream.webp|backpack-9293-01.webp|backpack-9293-02.webp|backpack-9293-03.webp|backpack-9293-04.webp|backpack-9293-05.webp|backpack-9293-06.webp|backpack-9293-07.webp|backpack-9293-08.webp,,کوله پشتی کد 9293,تخفیف خورده‌ها,زرشکی سفید|سرخابی نانسی|صورتی نانسی|کاراملی سفید|کرم روشن نانسی|مشکی سفید|مشکی نانسی|نارنجی سفید|نسکافه ای|نسکافه ای کرم,رنگ,اسپرت,کاربرد,زیپ,نحوه بسته شدن کیف,ساتن,جنس آستر,دارد,بند بلند,1,تعداد جیب داخلی,1,تعداد جیب بیرونی,1,تعداد بند,چرم مصنوعی,جنس رویه,من,مناسب برای,طول: ۴۰cm|عرض: ۱۰cm|کف: ۳۰cm,dimention
product_variation,,publish,9293-Burgundy & White,9293,1319000,1055000,yes,10,,,,,,,,https://luxbaz.com/wp-content/uploads/2026/07/backpack-9293-01.webp,,,backpack-9293-01.webp,کوله پشتی کد ۹۲۹۳ - زرشکی سفید,کوله پشتی کد ۹۲۹۳ - زرشکی سفید,,زرشکی سفید,رنگ,,,,,,,,,,,,,,,,,,,,
product_variation,,publish,9293-Crimson Nancy,9293,1319000,1055000,yes,10,,,,,,,,https://luxbaz.com/wp-content/uploads/2026/07/backpack-9293-02.webp,,,backpack-9293-02.webp,کوله پشتی کد ۹۲۹۳ - سرخابی نانسی,کوله پشتی کد ۹۲۹۳ - سرخابی نانسی,,سرخابی نانسی,رنگ,,,,,,,,,,,,,,,,,,,,
product_variation,,publish,9293-Pink Nancy,9293,1319000,1055000,yes,10,,,,,,,,https://luxbaz.com/wp-content/uploads/2026/07/backpack-9293-03.webp,,,backpack-9293-03.webp,کوله پشتی کد ۹۲۹۳ - صورتی نانسی,کوله پشتی کد ۹۲۹۳ - صورتی نانسی,,صورتی نانسی,رنگ,,,,,,,,,,,,,,,,,,,,
product_variation,,publish,9293-Caramel & White,9293,1319000,1055000,yes,10,,,,,,,,https://luxbaz.com/wp-content/uploads/2026/07/backpack-9293-04.webp,,,backpack-9293-04.webp,کوله پشتی کد ۹۲۹۳ - کاراملی سفید,کوله پشتی کد ۹۲۹۳ - کاراملی سفید,,کاراملی سفید,رنگ,,,,,,,,,,,,,,,,,,,,
product_variation,,publish,9293-Light Cream Nancy,9293,1319000,1055000,yes,10,,,,,,,,https://luxbaz.com/wp-content/uploads/2026/07/backpack-9293-light-cream-nancy.webp,,,backpack-9293-light-cream-nancy.webp,کوله پشتی کد ۹۲۹۳ - کرم روشن نانسی,کوله پشتی کد ۹۲۹۳ - کرم روشن نانسی,,کرم روشن نانسی,رنگ,,,,,,,,,,,,,,,,,,,,
product_variation,,publish,9293-Black & White,9293,1319000,1055000,yes,10,,,,,,,,https://luxbaz.com/wp-content/uploads/2026/07/backpack-9293-black-&-white.webp,,,backpack-9293-black-&-white.webp,کوله پشتی کد ۹۲۹۳ - مشکی سفید,کوله پشتی کد ۹۲۹۳ - مشکی سفید,,مشکی سفید,رنگ,,,,,,,,,,,,,,,,,,,,
product_variation,,publish,9293-Black Nancy,9293,1319000,1055000,yes,10,,,,,,,,https://luxbaz.com/wp-content/uploads/2026/07/backpack-9293-black-nancy.webp,,,backpack-9293-black-nancy.webp,کوله پشتی کد ۹۲۹۳ - مشکی نانسی,کوله پشتی کد ۹۲۹۳ - مشکی نانسی,,مشکی نانسی,رنگ,,,,,,,,,,,,,,,,,,,,
product_variation,,publish,9293-Orange & White,9293,1319000,1055000,yes,10,,,,,,,,https://luxbaz.com/wp-content/uploads/2026/07/backpack-9293-05.webp,,,backpack-9293-05.webp,کوله پشتی کد ۹۲۹۳ - نارنجی سفید,کوله پشتی کد ۹۲۹۳ - نارنجی سفید,,نارنجی سفید,رنگ,,,,,,,,,,,,,,,,,,,,
product_variation,,publish,9293-Coffee,9293,1319000,1055000,yes,10,,,,,,,,https://luxbaz.com/wp-content/uploads/2026/07/backpack-9293-coffee.webp,,,backpack-9293-coffee.webp,کوله پشتی کد ۹۲۹۳ - نسکافه ای,کوله پشتی کد ۹۲۹۳ - نسکافه ای,,نسکافه ای,رنگ,,,,,,,,,,,,,,,,,,,,
product_variation,,publish,9293-Coffee & Cream,9293,1319000,1055000,yes,10,,,,,,,,https://luxbaz.com/wp-content/uploads/2026/07/backpack-9293-coffee-&-cream.webp,,,backpack-9293-coffee-&-cream.webp,کوله پشتی کد ۹۲۹۳ - نسکافه ای کرم,کوله پشتی کد ۹۲۹۳ - نسکافه ای کرم,,نسکافه ای کرم,رنگ,,,,,,,,,,,,,,,,,,,,
product,کوله پشتی کد ۹۳۰۲,publish,9302,,606000,,yes,10,کوله ‌پشتی,,,کوله پشتی کد 9302,خرید کوله پشتی کد 9302 به رنگ سرخابی با کیفیت عالی و قیمت مناسب از فروشگاه لوکس‌باز,کوله پشتی کد 9302,https://luxbaz.com/product/backpack-9302/,https://luxbaz.com/wp-content/uploads/2026/07/backpack-9302-main.webp,https://luxbaz.com/wp-content/uploads/2026/07/backpack-9302-main.webp|https://luxbaz.com/wp-content/uploads/2026/07/backpack-9302-fuchsia.webp|https://luxbaz.com/wp-content/uploads/2026/07/backpack-9302-01.webp|https://luxbaz.com/wp-content/uploads/2026/07/backpack-9302-02.webp|https://luxbaz.com/wp-content/uploads/2026/07/backpack-9302-03.webp|https://luxbaz.com/wp-content/uploads/2026/07/backpack-9302-04.webp|https://luxbaz.com/wp-content/uploads/2026/07/backpack-9302-05.webp|https://luxbaz.com/wp-content/uploads/2026/07/backpack-9302-06.webp|https://luxbaz.com/wp-content/uploads/2026/07/backpack-9302-07.webp|https://luxbaz.com/wp-content/uploads/2026/07/backpack-9302-08.webp,کوله پشتی کد 9302|کوله پشتی کد 9302 رنگ Fuchsia|کوله پشتی کد 9302 - نمای 01|کوله پشتی کد 9302 - نمای 02|کوله پشتی کد 9302 - نمای 03|کوله پشتی کد 9302 - نمای 04|کوله پشتی کد 9302 - نمای 05|کوله پشتی کد 9302 - نمای 06|کوله پشتی کد 9302 - نمای 07|کوله پشتی کد 9302 - نمای 08,backpack-9302-main.webp|backpack-9302-fuchsia.webp|backpack-9302-01.webp|backpack-9302-02.webp|backpack-9302-03.webp|backpack-9302-04.webp|backpack-9302-05.webp|backpack-9302-06.webp|backpack-9302-07.webp|backpack-9302-08.webp,,کوله پشتی کد 9302,,سرخابی,رنگ,مدرسه|دانشگاه,کاربرد,زیپ,نحوه بسته شدن کیف,ساتن,جنس آستر,دارد,بند بلند,1,تعداد جیب داخلی,4,تعداد جیب بیرونی,3,تعداد بند,پارچه ای,جنس رویه,من,مناسب برای,طول: ۴۲cm|عرض: ۱۰cm|کف: ۳۰cm,dimention
product_variation,,publish,9302-Fuchsia,9302,606000,,yes,10,,,,,,,,https://luxbaz.com/wp-content/uploads/2026/07/backpack-9302-fuchsia.webp,,,backpack-9302-fuchsia.webp,کوله پشتی کد ۹۳۰۲ - سرخابی,کوله پشتی کد ۹۳۰۲ - سرخابی,,سرخابی,رنگ,,,,,,,,,,,,,,,,,,,,
product,کوله پشتی کد ۹۳۰۷,publish,9307,,1228000,982000,yes,10,کوله ‌پشتی,,,کوله پشتی کد 9307,خرید کوله پشتی کد 9307 به رنگ آبی و بنفش و زرد با کیفیت عالی و قیمت مناسب از فروشگاه لوکس‌باز,کوله پشتی کد 9307,https://luxbaz.com/product/backpack-9307/,https://luxbaz.com/wp-content/uploads/2026/07/backpack-9307-main.webp,https://luxbaz.com/wp-content/uploads/2026/07/backpack-9307-main.webp|https://luxbaz.com/wp-content/uploads/2026/07/backpack-9307-fuchsia.webp|https://luxbaz.com/wp-content/uploads/2026/07/backpack-9307-white.webp|https://luxbaz.com/wp-content/uploads/2026/07/backpack-9307-light-gray.webp|https://luxbaz.com/wp-content/uploads/2026/07/backpack-9307-honey.webp|https://luxbaz.com/wp-content/uploads/2026/07/backpack-9307-red.webp|https://luxbaz.com/wp-content/uploads/2026/07/backpack-9307-cream.webp|https://luxbaz.com/wp-content/uploads/2026/07/backpack-9307-black.webp|https://luxbaz.com/wp-content/uploads/2026/07/backpack-9307-coffee.webp|https://luxbaz.com/wp-content/uploads/2026/07/backpack-9307-01.webp|https://luxbaz.com/wp-content/uploads/2026/07/backpack-9307-02.webp|https://luxbaz.com/wp-content/uploads/2026/07/backpack-9307-03.webp|https://luxbaz.com/wp-content/uploads/2026/07/backpack-9307-04.webp|https://luxbaz.com/wp-content/uploads/2026/07/backpack-9307-05.webp|https://luxbaz.com/wp-content/uploads/2026/07/backpack-9307-06.webp|https://luxbaz.com/wp-content/uploads/2026/07/backpack-9307-07.webp|https://luxbaz.com/wp-content/uploads/2026/07/backpack-9307-08.webp|https://luxbaz.com/wp-content/uploads/2026/07/backpack-9307-09.webp|https://luxbaz.com/wp-content/uploads/2026/07/backpack-9307-10.webp,کوله پشتی کد 9307|کوله پشتی کد 9307 رنگ Fuchsia|کوله پشتی کد 9307 رنگ white|کوله پشتی کد 9307 رنگ Light Gray|کوله پشتی کد 9307 رنگ honey|کوله پشتی کد 9307 رنگ red|کوله پشتی کد 9307 رنگ cream|کوله پشتی کد 9307 رنگ black|کوله پشتی کد 9307 رنگ Coffee|کوله پشتی کد 9307 - نمای 01|کوله پشتی کد 9307 - نمای 02|کوله پشتی کد 9307 - نمای 03|کوله پشتی کد 9307 - نمای 04|کوله پشتی کد 9307 - نمای 05|کوله پشتی کد 9307 - نمای 06|کوله پشتی کد 9307 - نمای 07|کوله پشتی کد 9307 - نمای 08|کوله پشتی کد 9307 - نمای 09|کوله پشتی کد 9307 - نمای 10,backpack-9307-main.webp|backpack-9307-fuchsia.webp|backpack-9307-white.webp|backpack-9307-light-gray.webp|backpack-9307-honey.webp|backpack-9307-red.webp|backpack-9307-cream.webp|backpack-9307-black.webp|backpack-9307-coffee.webp|backpack-9307-01.webp|backpack-9307-02.webp|backpack-9307-03.webp|backpack-9307-04.webp|backpack-9307-05.webp|backpack-9307-06.webp|backpack-9307-07.webp|backpack-9307-08.webp|backpack-9307-09.webp|backpack-9307-10.webp,,کوله پشتی کد 9307,تخفیف خورده‌ها,آبی|بنفش|زرد|سبز|سبز آبی|سبز کله غازی|سبز مغز پسته ای|سرخابی|سفید|طوسی روشن|عسلی|قرمز|کرم‌|مشکی|نارنجی|نسکافه ای,رنگ,اسپرت,کاربرد,زیپ,نحوه بسته شدن کیف,ساتن,جنس آستر,دارد,بند بلند,1,تعداد جیب داخلی,4,تعداد جیب بیرونی,3,تعداد بند,چرم مصنوعی,جنس رویه,من,مناسب برای,طول: ۳۳cm|عرض: ۱۲cm|کف: ۲۷cm,dimention
product_variation,,publish,9307-blue,9307,1228000,982000,yes,10,,,,,,,,https://luxbaz.com/wp-content/uploads/2026/07/backpack-9307-01.webp,,,backpack-9307-01.webp,کوله پشتی کد ۹۳۰۷ - آبی,کوله پشتی کد ۹۳۰۷ - آبی,,آبی,رنگ,,,,,,,,,,,,,,,,,,,,
product_variation,,publish,9307-purple,9307,1228000,982000,yes,10,,,,,,,,https://luxbaz.com/wp-content/uploads/2026/07/backpack-9307-02.webp,,,backpack-9307-02.webp,کوله پشتی کد ۹۳۰۷ - بنفش,کوله پشتی کد ۹۳۰۷ - بنفش,,بنفش,رنگ,,,,,,,,,,,,,,,,,,,,
product_variation,,publish,9307-yellow,9307,1228000,982000,yes,10,,,,,,,,https://luxbaz.com/wp-content/uploads/2026/07/backpack-9307-03.webp,,,backpack-9307-03.webp,کوله پشتی کد ۹۳۰۷ - زرد,کوله پشتی کد ۹۳۰۷ - زرد,,زرد,رنگ,,,,,,,,,,,,,,,,,,,,
product_variation,,publish,9307-green,9307,1228000,982000,yes,10,,,,,,,,https://luxbaz.com/wp-content/uploads/2026/07/backpack-9307-04.webp,,,backpack-9307-04.webp,کوله پشتی کد ۹۳۰۷ - سبز,کوله پشتی کد ۹۳۰۷ - سبز,,سبز,رنگ,,,,,,,,,,,,,,,,,,,,
product_variation,,publish,9307-Turquoise,9307,1228000,982000,yes,10,,,,,,,,https://luxbaz.com/wp-content/uploads/2026/07/backpack-9307-05.webp,,,backpack-9307-05.webp,کوله پشتی کد ۹۳۰۷ - سبز آبی,کوله پشتی کد ۹۳۰۷ - سبز آبی,,سبز آبی,رنگ,,,,,,,,,,,,,,,,,,,,
product_variation,,publish,9307-Pistachio Green,9307,1228000,982000,yes,10,,,,,,,,https://luxbaz.com/wp-content/uploads/2026/07/backpack-9307-06.webp,,,backpack-9307-06.webp,کوله پشتی کد ۹۳۰۷ - سبز کله غازی,کوله پشتی کد ۹۳۰۷ - سبز کله غازی,,سبز کله غازی,رنگ,,,,,,,,,,,,,,,,,,,,
product_variation,,publish,9307-Pistachio Green,9307,1228000,982000,yes,10,,,,,,,,https://luxbaz.com/wp-content/uploads/2026/07/backpack-9307-07.webp,,,backpack-9307-07.webp,کوله پشتی کد ۹۳۰۷ - سبز مغز پسته ای,کوله پشتی کد ۹۳۰۷ - سبز مغز پسته ای,,سبز مغز پسته ای,رنگ,,,,,,,,,,,,,,,,,,,,
product_variation,,publish,9307-Fuchsia,9307,1228000,982000,yes,10,,,,,,,,https://luxbaz.com/wp-content/uploads/2026/07/backpack-9307-fuchsia.webp,,,backpack-9307-fuchsia.webp,کوله پشتی کد ۹۳۰۷ - سرخابی,کوله پشتی کد ۹۳۰۷ - سرخابی,,سرخابی,رنگ,,,,,,,,,,,,,,,,,,,,
product_variation,,publish,9307-white,9307,1228000,982000,yes,10,,,,,,,,https://luxbaz.com/wp-content/uploads/2026/07/backpack-9307-white.webp,,,backpack-9307-white.webp,کوله پشتی کد ۹۳۰۷ - سفید,کوله پشتی کد ۹۳۰۷ - سفید,,سفید,رنگ,,,,,,,,,,,,,,,,,,,,
product_variation,,publish,9307-Light Gray,9307,1228000,982000,yes,10,,,,,,,,https://luxbaz.com/wp-content/uploads/2026/07/backpack-9307-light-gray.webp,,,backpack-9307-light-gray.webp,کوله پشتی کد ۹۳۰۷ - طوسی روشن,کوله پشتی کد ۹۳۰۷ - طوسی روشن,,طوسی روشن,رنگ,,,,,,,,,,,,,,,,,,,,
product_variation,,publish,9307-honey,9307,1228000,982000,yes,10,,,,,,,,https://luxbaz.com/wp-content/uploads/2026/07/backpack-9307-honey.webp,,,backpack-9307-honey.webp,کوله پشتی کد ۹۳۰۷ - عسلی,کوله پشتی کد ۹۳۰۷ - عسلی,,عسلی,رنگ,,,,,,,,,,,,,,,,,,,,
product_variation,,publish,9307-red,9307,1228000,982000,yes,10,,,,,,,,https://luxbaz.com/wp-content/uploads/2026/07/backpack-9307-red.webp,,,backpack-9307-red.webp,کوله پشتی کد ۹۳۰۷ - قرمز,کوله پشتی کد ۹۳۰۷ - قرمز,,قرمز,رنگ,,,,,,,,,,,,,,,,,,,,
product_variation,,publish,9307-cream,9307,1228000,982000,yes,10,,,,,,,,https://luxbaz.com/wp-content/uploads/2026/07/backpack-9307-cream.webp,,,backpack-9307-cream.webp,کوله پشتی کد ۹۳۰۷ - کرم‌,کوله پشتی کد ۹۳۰۷ - کرم‌,,کرم‌,رنگ,,,,,,,,,,,,,,,,,,,,
product_variation,,publish,9307-black,9307,1228000,982000,yes,10,,,,,,,,https://luxbaz.com/wp-content/uploads/2026/07/backpack-9307-black.webp,,,backpack-9307-black.webp,کوله پشتی کد ۹۳۰۷ - مشکی,کوله پشتی کد ۹۳۰۷ - مشکی,,مشکی,رنگ,,,,,,,,,,,,,,,,,,,,
product_variation,,publish,9307-orange,9307,1228000,982000,yes,10,,,,,,,,https://luxbaz.com/wp-content/uploads/2026/07/backpack-9307-08.webp,,,backpack-9307-08.webp,کوله پشتی کد ۹۳۰۷ - نارنجی,کوله پشتی کد ۹۳۰۷ - نارنجی,,نارنجی,رنگ,,,,,,,,,,,,,,,,,,,,
product_variation,,publish,9307-Coffee,9307,1228000,982000,yes,10,,,,,,,,https://luxbaz.com/wp-content/uploads/2026/07/backpack-9307-coffee.webp,,,backpack-9307-coffee.webp,کوله پشتی کد ۹۳۰۷ - نسکافه ای,کوله پشتی کد ۹۳۰۷ - نسکافه ای,,نسکافه ای,رنگ,,,,,,,,,,,,,,,,,,,,
product,کوله پشتی کد ۹۳۲۰,publish,9320,,3317000,,yes,10,کوله ‌پشتی,,,کوله پشتی کد 9320,خرید کوله پشتی کد 9320 به رنگ مشکی با کیفیت عالی و قیمت مناسب از فروشگاه لوکس‌باز,کوله پشتی کد 9320,https://luxbaz.com/product/backpack-9320/,https://luxbaz.com/wp-content/uploads/2026/07/backpack-9320-main.webp,https://luxbaz.com/wp-content/uploads/2026/07/backpack-9320-main.webp|https://luxbaz.com/wp-content/uploads/2026/07/backpack-9320-black.webp|https://luxbaz.com/wp-content/uploads/2026/07/backpack-9320-01.webp|https://luxbaz.com/wp-content/uploads/2026/07/backpack-9320-02.webp|https://luxbaz.com/wp-content/uploads/2026/07/backpack-9320-03.webp,کوله پشتی کد 9320|کوله پشتی کد 9320 رنگ black|کوله پشتی کد 9320 - نمای 01|کوله پشتی کد 9320 - نمای 02|کوله پشتی کد 9320 - نمای 03,backpack-9320-main.webp|backpack-9320-black.webp|backpack-9320-01.webp|backpack-9320-02.webp|backpack-9320-03.webp,,کوله پشتی کد 9320,,مشکی,رنگ,روزمره,کاربرد,زیپ,نحوه بسته شدن کیف,ساتن,جنس آستر,دارد,بند بلند,4,تعداد جیب داخلی,4,تعداد جیب بیرونی,3,تعداد بند,پارچه ای,جنس رویه,من,مناسب برای,طول: ۴۸cm|عرض: ۱۵cm|کف: ۳۰cm,dimention
product_variation,,publish,9320-black,9320,3317000,,yes,10,,,,,,,,https://luxbaz.com/wp-content/uploads/2026/07/backpack-9320-black.webp,,,backpack-9320-black.webp,کوله پشتی کد ۹۳۲۰ - مشکی,کوله پشتی کد ۹۳۲۰ - مشکی,,مشکی,رنگ,,,,,,,,,,,,,,,,,,,,
product,کوله پشتی کد ۹۳۲۱,publish,9321,,1676000,,yes,10,کوله ‌پشتی,,,کوله پشتی کد 9321,خرید کوله پشتی کد 9321 به رنگ آبی و سبز و سرمه ای با کیفیت عالی و قیمت مناسب از فروشگاه لوکس‌باز,کوله پشتی کد 9321,https://luxbaz.com/product/backpack-9321/,https://luxbaz.com/wp-content/uploads/2026/07/backpack-9321-main.webp,https://luxbaz.com/wp-content/uploads/2026/07/backpack-9321-main.webp|https://luxbaz.com/wp-content/uploads/2026/07/backpack-9321-blue.webp|https://luxbaz.com/wp-content/uploads/2026/07/backpack-9321-black.webp|https://luxbaz.com/wp-content/uploads/2026/07/backpack-9321-01.webp|https://luxbaz.com/wp-content/uploads/2026/07/backpack-9321-02.webp|https://luxbaz.com/wp-content/uploads/2026/07/backpack-9321-03.webp|https://luxbaz.com/wp-content/uploads/2026/07/backpack-9321-04.webp|https://luxbaz.com/wp-content/uploads/2026/07/backpack-9321-05.webp|https://luxbaz.com/wp-content/uploads/2026/07/backpack-9321-06.webp,کوله پشتی کد 9321|کوله پشتی کد 9321 رنگ blue|کوله پشتی کد 9321 رنگ black|کوله پشتی کد 9321 - نمای 01|کوله پشتی کد 9321 - نمای 02|کوله پشتی کد 9321 - نمای 03|کوله پشتی کد 9321 - نمای 04|کوله پشتی کد 9321 - نمای 05|کوله پشتی کد 9321 - نمای 06,backpack-9321-main.webp|backpack-9321-blue.webp|backpack-9321-black.webp|backpack-9321-01.webp|backpack-9321-02.webp|backpack-9321-03.webp|backpack-9321-04.webp|backpack-9321-05.webp|backpack-9321-06.webp,,کوله پشتی کد 9321,,آبی|سبز|سرمه ای|قرمز|مشکی,رنگ,مدرسه|دانشگاه,کاربرد,زیپ,نحوه بسته شدن کیف,ساتن,جنس آستر,دارد,بند بلند,1,تعداد جیب داخلی,8,تعداد جیب بیرونی,5,تعداد بند,پارچه ای,جنس رویه,من,مناسب برای,طول: ۵۵cm|عرض: ۲۵cm|کف: ۳۰cm,dimention
product_variation,,publish,9321-blue,9321,1676000,,yes,10,,,,,,,,https://luxbaz.com/wp-content/uploads/2026/07/backpack-9321-blue.webp,,,backpack-9321-blue.webp,کوله پشتی کد ۹۳۲۱ - آبی,کوله پشتی کد ۹۳۲۱ - آبی,,آبی,رنگ,,,,,,,,,,,,,,,,,,,,
product_variation,,publish,9321-green,9321,1676000,,yes,10,,,,,,,,https://luxbaz.com/wp-content/uploads/2026/07/backpack-9321-01.webp,,,backpack-9321-01.webp,کوله پشتی کد ۹۳۲۱ - سبز,کوله پشتی کد ۹۳۲۱ - سبز,,سبز,رنگ,,,,,,,,,,,,,,,,,,,,
product_variation,,publish,9321-navy Blue,9321,1676000,,yes,10,,,,,,,,https://luxbaz.com/wp-content/uploads/2026/07/backpack-9321-blue.webp,,,backpack-9321-blue.webp,کوله پشتی کد ۹۳۲۱ - سرمه ای,کوله پشتی کد ۹۳۲۱ - سرمه ای,,سرمه ای,رنگ,,,,,,,,,,,,,,,,,,,,
product_variation,,publish,9321-red,9321,1676000,,yes,10,,,,,,,,https://luxbaz.com/wp-content/uploads/2026/07/backpack-9321-02.webp,,,backpack-9321-02.webp,کوله پشتی کد ۹۳۲۱ - قرمز,کوله پشتی کد ۹۳۲۱ - قرمز,,قرمز,رنگ,,,,,,,,,,,,,,,,,,,,
product_variation,,publish,9321-black,9321,1676000,,yes,10,,,,,,,,https://luxbaz.com/wp-content/uploads/2026/07/backpack-9321-black.webp,,,backpack-9321-black.webp,کوله پشتی کد ۹۳۲۱ - مشکی,کوله پشتی کد ۹۳۲۱ - مشکی,,مشکی,رنگ,,,,,,,,,,,,,,,,,,,,
product,کوله پشتی کد ۹۳۲۴,publish,9324,,2489000,,yes,10,کوله ‌پشتی,,,کوله پشتی کد 9324,خرید کوله پشتی کد 9324 به رنگ مشکی و مشکی آبی و مشکی پلنگی با کیفیت عالی و قیمت مناسب از فروشگاه لوکس‌باز,کوله پشتی کد 9324,https://luxbaz.com/product/backpack-9324/,https://luxbaz.com/wp-content/uploads/2026/07/backpack-9324-main.webp,https://luxbaz.com/wp-content/uploads/2026/07/backpack-9324-main.webp|https://luxbaz.com/wp-content/uploads/2026/07/backpack-9324-black.webp|https://luxbaz.com/wp-content/uploads/2026/07/backpack-9324-black-blue.webp|https://luxbaz.com/wp-content/uploads/2026/07/backpack-9324-black-yellow.webp|https://luxbaz.com/wp-content/uploads/2026/07/backpack-9324-black-green.webp|https://luxbaz.com/wp-content/uploads/2026/07/backpack-9324-black-navy.webp|https://luxbaz.com/wp-content/uploads/2026/07/backpack-9324-charcoal-black.webp|https://luxbaz.com/wp-content/uploads/2026/07/backpack-9324-black-red.webp|https://luxbaz.com/wp-content/uploads/2026/07/backpack-9324-01.webp|https://luxbaz.com/wp-content/uploads/2026/07/backpack-9324-02.webp|https://luxbaz.com/wp-content/uploads/2026/07/backpack-9324-03.webp,کوله پشتی کد 9324|کوله پشتی کد 9324 رنگ black|کوله پشتی کد 9324 رنگ Black Blue|کوله پشتی کد 9324 رنگ Black Yellow|کوله پشتی کد 9324 رنگ black-green|کوله پشتی کد 9324 رنگ Black Navy|کوله پشتی کد 9324 رنگ black|کوله پشتی کد 9324 رنگ Black Red|کوله پشتی کد 9324 - نمای 01|کوله پشتی کد 9324 - نمای 02|کوله پشتی کد 9324 - نمای 03,backpack-9324-main.webp|backpack-9324-black.webp|backpack-9324-black-blue.webp|backpack-9324-black-yellow.webp|backpack-9324-black-green.webp|backpack-9324-black-navy.webp|backpack-9324-charcoal-black.webp|backpack-9324-black-red.webp|backpack-9324-01.webp|backpack-9324-02.webp|backpack-9324-03.webp,,کوله پشتی کد 9324,,مشکی|مشکی آبی|مشکی پلنگی|مشکی زرد|مشکی سبز|مشکی سرمه ای|مشکی طوسی تیره|مشکی قرمز,رنگ,روزمره,کاربرد,زیپ,نحوه بسته شدن کیف,ساتن,جنس آستر,دارد,بند بلند,1,تعداد جیب داخلی,4,تعداد جیب بیرونی,5,تعداد بند,پارچه ای,جنس رویه,من,مناسب برای,طول: ۵۵cm|عرض: ۲۶cm|کف: ۳۰cm,dimention
product_variation,,publish,9324-black,9324,2489000,,yes,10,,,,,,,,https://luxbaz.com/wp-content/uploads/2026/07/backpack-9324-black.webp,,,backpack-9324-black.webp,کوله پشتی کد ۹۳۲۴ - مشکی,کوله پشتی کد ۹۳۲۴ - مشکی,,مشکی,رنگ,,,,,,,,,,,,,,,,,,,,
product_variation,,publish,9324-Black Blue,9324,2489000,,yes,10,,,,,,,,https://luxbaz.com/wp-content/uploads/2026/07/backpack-9324-black-blue.webp,,,backpack-9324-black-blue.webp,کوله پشتی کد ۹۳۲۴ - مشکی آبی,کوله پشتی کد ۹۳۲۴ - مشکی آبی,,مشکی آبی,رنگ,,,,,,,,,,,,,,,,,,,,
product_variation,,publish,9324-leopard-print,9324,2489000,,yes,10,,,,,,,,https://luxbaz.com/wp-content/uploads/2026/07/backpack-9324-01.webp,,,backpack-9324-01.webp,کوله پشتی کد ۹۳۲۴ - مشکی پلنگی,کوله پشتی کد ۹۳۲۴ - مشکی پلنگی,,مشکی پلنگی,رنگ,,,,,,,,,,,,,,,,,,,,
product_variation,,publish,9324-Black Yellow,9324,2489000,,yes,10,,,,,,,,https://luxbaz.com/wp-content/uploads/2026/07/backpack-9324-black-yellow.webp,,,backpack-9324-black-yellow.webp,کوله پشتی کد ۹۳۲۴ - مشکی زرد,کوله پشتی کد ۹۳۲۴ - مشکی زرد,,مشکی زرد,رنگ,,,,,,,,,,,,,,,,,,,,
product_variation,,publish,9324-black-green,9324,2489000,,yes,10,,,,,,,,https://luxbaz.com/wp-content/uploads/2026/07/backpack-9324-black-green.webp,,,backpack-9324-black-green.webp,کوله پشتی کد ۹۳۲۴ - مشکی سبز,کوله پشتی کد ۹۳۲۴ - مشکی سبز,,مشکی سبز,رنگ,,,,,,,,,,,,,,,,,,,,
product_variation,,publish,9324-Black Navy,9324,2489000,,yes,10,,,,,,,,https://luxbaz.com/wp-content/uploads/2026/07/backpack-9324-black-navy.webp,,,backpack-9324-black-navy.webp,کوله پشتی کد ۹۳۲۴ - مشکی سرمه ای,کوله پشتی کد ۹۳۲۴ - مشکی سرمه ای,,مشکی سرمه ای,رنگ,,,,,,,,,,,,,,,,,,,,
product_variation,,publish,9324-charcoal-black,9324,2489000,,yes,10,,,,,,,,https://luxbaz.com/wp-content/uploads/2026/07/backpack-9324-charcoal-black.webp,,,backpack-9324-charcoal-black.webp,کوله پشتی کد ۹۳۲۴ - مشکی طوسی تیره,کوله پشتی کد ۹۳۲۴ - مشکی طوسی تیره,,مشکی طوسی تیره,رنگ,,,,,,,,,,,,,,,,,,,,
product_variation,,publish,9324-Black Red,9324,2489000,,yes,10,,,,,,,,https://luxbaz.com/wp-content/uploads/2026/07/backpack-9324-black-red.webp,,,backpack-9324-black-red.webp,کوله پشتی کد ۹۳۲۴ - مشکی قرمز,کوله پشتی کد ۹۳۲۴ - مشکی قرمز,,مشکی قرمز,رنگ,,,,,,,,,,,,,,,,,,,,
product,کوله پشتی کد ۹۳۲۷,publish,9327,,2213000,,yes,10,کوله ‌پشتی,,,کوله پشتی کد 9327,خرید کوله پشتی کد 9327 به رنگ آبی و زرد و سبز با کیفیت عالی و قیمت مناسب از فروشگاه لوکس‌باز,کوله پشتی کد 9327,https://luxbaz.com/product/backpack-9327/,https://luxbaz.com/wp-content/uploads/2026/07/backpack-9327-main.webp,https://luxbaz.com/wp-content/uploads/2026/07/backpack-9327-main.webp|https://luxbaz.com/wp-content/uploads/2026/07/backpack-9327-blue.webp|https://luxbaz.com/wp-content/uploads/2026/07/backpack-9327-green.webp|https://luxbaz.com/wp-content/uploads/2026/07/backpack-9327-red.webp|https://luxbaz.com/wp-content/uploads/2026/07/backpack-9327-black.webp|https://luxbaz.com/wp-content/uploads/2026/07/backpack-9327-black-design-1.webp|https://luxbaz.com/wp-content/uploads/2026/07/backpack-9327-01.webp|https://luxbaz.com/wp-content/uploads/2026/07/backpack-9327-02.webp|https://luxbaz.com/wp-content/uploads/2026/07/backpack-9327-03.webp|https://luxbaz.com/wp-content/uploads/2026/07/backpack-9327-04.webp|https://luxbaz.com/wp-content/uploads/2026/07/backpack-9327-05.webp|https://luxbaz.com/wp-content/uploads/2026/07/backpack-9327-06.webp,کوله پشتی کد 9327|کوله پشتی کد 9327 رنگ blue|کوله پشتی کد 9327 رنگ green|کوله پشتی کد 9327 رنگ red|کوله پشتی کد 9327 رنگ black|کوله پشتی کد 9327 رنگ Black - Design 1|کوله پشتی کد 9327 - نمای 01|کوله پشتی کد 9327 - نمای 02|کوله پشتی کد 9327 - نمای 03|کوله پشتی کد 9327 - نمای 04|کوله پشتی کد 9327 - نمای 05|کوله پشتی کد 9327 - نمای 06,backpack-9327-main.webp|backpack-9327-blue.webp|backpack-9327-green.webp|backpack-9327-red.webp|backpack-9327-black.webp|backpack-9327-black-design-1.webp|backpack-9327-01.webp|backpack-9327-02.webp|backpack-9327-03.webp|backpack-9327-04.webp|backpack-9327-05.webp|backpack-9327-06.webp,,کوله پشتی کد 9327,,آبی|زرد|سبز|قرمز|مشکی|مشکی طرح 1,رنگ,مسافرت,کاربرد,زیپ,نحوه بسته شدن کیف,ساتن,جنس آستر,دارد,بند بلند,ندارد,تعداد جیب داخلی,4,تعداد جیب بیرونی,2,تعداد بند,پارچه ای,جنس رویه,من,مناسب برای,طول: ۵۴cm|عرض: ۱۹cm|کف: ۲۶cm,dimention
product_variation,,publish,9327-blue,9327,2213000,,yes,10,,,,,,,,https://luxbaz.com/wp-content/uploads/2026/07/backpack-9327-blue.webp,,,backpack-9327-blue.webp,کوله پشتی کد ۹۳۲۷ - آبی,کوله پشتی کد ۹۳۲۷ - آبی,,آبی,رنگ,,,,,,,,,,,,,,,,,,,,
product_variation,,publish,9327-yellow,9327,2213000,,yes,10,,,,,,,,https://luxbaz.com/wp-content/uploads/2026/07/backpack-9327-01.webp,,,backpack-9327-01.webp,کوله پشتی کد ۹۳۲۷ - زرد,کوله پشتی کد ۹۳۲۷ - زرد,,زرد,رنگ,,,,,,,,,,,,,,,,,,,,
product_variation,,publish,9327-green,9327,2213000,,yes,10,,,,,,,,https://luxbaz.com/wp-content/uploads/2026/07/backpack-9327-green.webp,,,backpack-9327-green.webp,کوله پشتی کد ۹۳۲۷ - سبز,کوله پشتی کد ۹۳۲۷ - سبز,,سبز,رنگ,,,,,,,,,,,,,,,,,,,,
product_variation,,publish,9327-red,9327,2213000,,yes,10,,,,,,,,https://luxbaz.com/wp-content/uploads/2026/07/backpack-9327-red.webp,,,backpack-9327-red.webp,کوله پشتی کد ۹۳۲۷ - قرمز,کوله پشتی کد ۹۳۲۷ - قرمز,,قرمز,رنگ,,,,,,,,,,,,,,,,,,,,
product_variation,,publish,9327-black,9327,2213000,,yes,10,,,,,,,,https://luxbaz.com/wp-content/uploads/2026/07/backpack-9327-black.webp,,,backpack-9327-black.webp,کوله پشتی کد ۹۳۲۷ - مشکی,کوله پشتی کد ۹۳۲۷ - مشکی,,مشکی,رنگ,,,,,,,,,,,,,,,,,,,,
product_variation,,publish,9327-Black - Design 1,9327,2213000,,yes,10,,,,,,,,https://luxbaz.com/wp-content/uploads/2026/07/backpack-9327-black-design-1.webp,,,backpack-9327-black-design-1.webp,کوله پشتی کد ۹۳۲۷ - مشکی طرح 1,کوله پشتی کد ۹۳۲۷ - مشکی طرح 1,,مشکی طرح 1,رنگ,,,,,,,,,,,,,,,,,,,,
product,کوله پشتی کد ۹۳۴۶,publish,9346,,1523000,,yes,10,کوله ‌پشتی,,,کوله پشتی کد 9346,خرید کوله پشتی کد 9346 به رنگ مشکی طرح 1 با کیفیت عالی و قیمت مناسب از فروشگاه لوکس‌باز,کوله پشتی کد 9346,https://luxbaz.com/product/backpack-9346/,https://luxbaz.com/wp-content/uploads/2026/07/backpack-9346-main.webp,https://luxbaz.com/wp-content/uploads/2026/07/backpack-9346-main.webp|https://luxbaz.com/wp-content/uploads/2026/07/backpack-9346-black-design-1.webp|https://luxbaz.com/wp-content/uploads/2026/07/backpack-9346-01.webp|https://luxbaz.com/wp-content/uploads/2026/07/backpack-9346-02.webp|https://luxbaz.com/wp-content/uploads/2026/07/backpack-9346-03.webp|https://luxbaz.com/wp-content/uploads/2026/07/backpack-9346-04.webp|https://luxbaz.com/wp-content/uploads/2026/07/backpack-9346-05.webp|https://luxbaz.com/wp-content/uploads/2026/07/backpack-9346-06.webp,کوله پشتی کد 9346|کوله پشتی کد 9346 رنگ Black - Design 1|کوله پشتی کد 9346 - نمای 01|کوله پشتی کد 9346 - نمای 02|کوله پشتی کد 9346 - نمای 03|کوله پشتی کد 9346 - نمای 04|کوله پشتی کد 9346 - نمای 05|کوله پشتی کد 9346 - نمای 06,backpack-9346-main.webp|backpack-9346-black-design-1.webp|backpack-9346-01.webp|backpack-9346-02.webp|backpack-9346-03.webp|backpack-9346-04.webp|backpack-9346-05.webp|backpack-9346-06.webp,,کوله پشتی کد 9346,,مشکی طرح 1,رنگ,اسپرت,کاربرد,زیپ,نحوه بسته شدن کیف,ساتن,جنس آستر,دارد,بند بلند,1,تعداد جیب داخلی,3,تعداد جیب بیرونی,3,تعداد بند,پارچه ای,جنس رویه,من,مناسب برای,طول: ۴۴cm|عرض: ۱۵cm|کف: ۳۰cm,dimention
product_variation,,publish,9346-Black - Design 1,9346,1523000,,yes,10,,,,,,,,https://luxbaz.com/wp-content/uploads/2026/07/backpack-9346-black-design-1.webp,,,backpack-9346-black-design-1.webp,کوله پشتی کد ۹۳۴۶ - مشکی طرح 1,کوله پشتی کد ۹۳۴۶ - مشکی طرح 1,,مشکی طرح 1,رنگ,,,,,,,,,,,,,,,,,,,,
product,کوله پشتی کد ۹۳۴۸,publish,9348,,1768000,,yes,10,کوله ‌پشتی,,,کوله پشتی کد 9348,خرید کوله پشتی کد 9348 به رنگ مشکی Adidas و مشکی NIKE و مشکی طرح 1 با کیفیت عالی و قیمت مناسب از فروشگاه لوکس‌باز,کوله پشتی کد 9348,https://luxbaz.com/product/backpack-9348/,https://luxbaz.com/wp-content/uploads/2026/07/backpack-9348-main.webp,https://luxbaz.com/wp-content/uploads/2026/07/backpack-9348-main.webp|https://luxbaz.com/wp-content/uploads/2026/07/backpack-9348-black-adidas.webp|https://luxbaz.com/wp-content/uploads/2026/07/backpack-9348-black-nike.webp|https://luxbaz.com/wp-content/uploads/2026/07/backpack-9348-black-design-1.webp|https://luxbaz.com/wp-content/uploads/2026/07/backpack-9348-01.webp|https://luxbaz.com/wp-content/uploads/2026/07/backpack-9348-02.webp|https://luxbaz.com/wp-content/uploads/2026/07/backpack-9348-03.webp|https://luxbaz.com/wp-content/uploads/2026/07/backpack-9348-04.webp,کوله پشتی کد 9348|کوله پشتی کد 9348 رنگ Black Adidas|کوله پشتی کد 9348 رنگ Black Nike|کوله پشتی کد 9348 رنگ Black - Design 1|کوله پشتی کد 9348 - نمای 01|کوله پشتی کد 9348 - نمای 02|کوله پشتی کد 9348 - نمای 03|کوله پشتی کد 9348 - نمای 04,backpack-9348-main.webp|backpack-9348-black-adidas.webp|backpack-9348-black-nike.webp|backpack-9348-black-design-1.webp|backpack-9348-01.webp|backpack-9348-02.webp|backpack-9348-03.webp|backpack-9348-04.webp,,کوله پشتی کد 9348,,مشکی Adidas|مشکی NIKE|مشکی طرح 1,رنگ,اسپرت,کاربرد,زیپ,نحوه بسته شدن کیف,ساتن,جنس آستر,,,4,تعداد جیب داخلی,1,تعداد جیب بیرونی,3,تعداد بند,پارچه ای,جنس رویه,من,مناسب برای,طول: ۴۳cm|عرض: ۱۵cm|کف: ۳۰cm,dimention
product_variation,,publish,9348-Black Adidas,9348,1768000,,yes,10,,,,,,,,https://luxbaz.com/wp-content/uploads/2026/07/backpack-9348-black-adidas.webp,,,backpack-9348-black-adidas.webp,کوله پشتی کد ۹۳۴۸ - مشکی Adidas,کوله پشتی کد ۹۳۴۸ - مشکی Adidas,,مشکی Adidas,رنگ,,,,,,,,,,,,,,,,,,,,
product_variation,,publish,9348-Black Nike,9348,1768000,,yes,10,,,,,,,,https://luxbaz.com/wp-content/uploads/2026/07/backpack-9348-black-nike.webp,,,backpack-9348-black-nike.webp,کوله پشتی کد ۹۳۴۸ - مشکی NIKE,کوله پشتی کد ۹۳۴۸ - مشکی NIKE,,مشکی NIKE,رنگ,,,,,,,,,,,,,,,,,,,,
product_variation,,publish,9348-Black - Design 1,9348,1768000,,yes,10,,,,,,,,https://luxbaz.com/wp-content/uploads/2026/07/backpack-9348-black-design-1.webp,,,backpack-9348-black-design-1.webp,کوله پشتی کد ۹۳۴۸ - مشکی طرح 1,کوله پشتی کد ۹۳۴۸ - مشکی طرح 1,,مشکی طرح 1,رنگ,,,,,,,,,,,,,,,,,,,,
product,کوله پشتی کد ۹۳۵۰,publish,9350,,2182000,,yes,10,کوله ‌پشتی,,,کوله پشتی کد 9350,خرید کوله پشتی کد 9350 به رنگ مشکی Adidas و مشکی Just do it و مشکی طرح 1 با کیفیت عالی و قیمت مناسب از فروشگاه لوکس‌باز,کوله پشتی کد 9350,https://luxbaz.com/product/backpack-9350/,https://luxbaz.com/wp-content/uploads/2026/07/backpack-9350-main.webp,https://luxbaz.com/wp-content/uploads/2026/07/backpack-9350-main.webp|https://luxbaz.com/wp-content/uploads/2026/07/backpack-9350-black-adidas.webp|https://luxbaz.com/wp-content/uploads/2026/07/backpack-9350-black-just-do-it.webp|https://luxbaz.com/wp-content/uploads/2026/07/backpack-9350-black-design-1.webp|https://luxbaz.com/wp-content/uploads/2026/07/backpack-9350-black-design-2.webp|https://luxbaz.com/wp-content/uploads/2026/07/backpack-9350-01.webp|https://luxbaz.com/wp-content/uploads/2026/07/backpack-9350-02.webp|https://luxbaz.com/wp-content/uploads/2026/07/backpack-9350-03.webp|https://luxbaz.com/wp-content/uploads/2026/07/backpack-9350-04.webp,کوله پشتی کد 9350|کوله پشتی کد 9350 رنگ Black Adidas|کوله پشتی کد 9350 رنگ Black Just Do It|کوله پشتی کد 9350 رنگ Black - Design 1|کوله پشتی کد 9350 رنگ Black - Design 2|کوله پشتی کد 9350 - نمای 01|کوله پشتی کد 9350 - نمای 02|کوله پشتی کد 9350 - نمای 03|کوله پشتی کد 9350 - نمای 04,backpack-9350-main.webp|backpack-9350-black-adidas.webp|backpack-9350-black-just-do-it.webp|backpack-9350-black-design-1.webp|backpack-9350-black-design-2.webp|backpack-9350-01.webp|backpack-9350-02.webp|backpack-9350-03.webp|backpack-9350-04.webp,,کوله پشتی کد 9350,,مشکی Adidas|مشکی Just do it|مشکی طرح 1|مشکی طرح 2,رنگ,اسپرت,کاربرد,زیپ,نحوه بسته شدن کیف,ساتن,جنس آستر,,,3,تعداد جیب داخلی,5,تعداد جیب بیرونی,3,تعداد بند,پارچه ای,جنس رویه,من,مناسب برای,طول: ۴۳cm|عرض: ۱۱cm|کف: ۲۹cm,dimention
product_variation,,publish,9350-Black Adidas,9350,2182000,,yes,10,,,,,,,,https://luxbaz.com/wp-content/uploads/2026/07/backpack-9350-black-adidas.webp,,,backpack-9350-black-adidas.webp,کوله پشتی کد ۹۳۵۰ - مشکی Adidas,کوله پشتی کد ۹۳۵۰ - مشکی Adidas,,مشکی Adidas,رنگ,,,,,,,,,,,,,,,,,,,,
product_variation,,publish,9350-Black Just Do It,9350,2182000,,yes,10,,,,,,,,https://luxbaz.com/wp-content/uploads/2026/07/backpack-9350-black-just-do-it.webp,,,backpack-9350-black-just-do-it.webp,کوله پشتی کد ۹۳۵۰ - مشکی Just do it,کوله پشتی کد ۹۳۵۰ - مشکی Just do it,,مشکی Just do it,رنگ,,,,,,,,,,,,,,,,,,,,
product_variation,,publish,9350-Black - Design 1,9350,2182000,,yes,10,,,,,,,,https://luxbaz.com/wp-content/uploads/2026/07/backpack-9350-black-design-1.webp,,,backpack-9350-black-design-1.webp,کوله پشتی کد ۹۳۵۰ - مشکی طرح 1,کوله پشتی کد ۹۳۵۰ - مشکی طرح 1,,مشکی طرح 1,رنگ,,,,,,,,,,,,,,,,,,,,
product_variation,,publish,9350-Black - Design 2,9350,2182000,,yes,10,,,,,,,,https://luxbaz.com/wp-content/uploads/2026/07/backpack-9350-black-design-2.webp,,,backpack-9350-black-design-2.webp,کوله پشتی کد ۹۳۵۰ - مشکی طرح 2,کوله پشتی کد ۹۳۵۰ - مشکی طرح 2,,مشکی طرح 2,رنگ,,,,,,,,,,,,,,,,,,,,
product,کوله پشتی کد ۹۳۵۱,publish,9351,,1141000,913000,yes,10,کوله ‌پشتی,,,کوله پشتی کد 9351,خرید کوله پشتی کد 9351 به رنگ مشکی NIKE با کیفیت عالی و قیمت مناسب از فروشگاه لوکس‌باز,کوله پشتی کد 9351,https://luxbaz.com/product/backpack-9351/,https://luxbaz.com/wp-content/uploads/2026/07/backpack-9351-main.webp,https://luxbaz.com/wp-content/uploads/2026/07/backpack-9351-main.webp|https://luxbaz.com/wp-content/uploads/2026/07/backpack-9351-black-nike.webp|https://luxbaz.com/wp-content/uploads/2026/07/backpack-9351-01.webp|https://luxbaz.com/wp-content/uploads/2026/07/backpack-9351-02.webp|https://luxbaz.com/wp-content/uploads/2026/07/backpack-9351-03.webp,کوله پشتی کد 9351|کوله پشتی کد 9351 رنگ Black Nike|کوله پشتی کد 9351 - نمای 01|کوله پشتی کد 9351 - نمای 02|کوله پشتی کد 9351 - نمای 03,backpack-9351-main.webp|backpack-9351-black-nike.webp|backpack-9351-01.webp|backpack-9351-02.webp|backpack-9351-03.webp,,کوله پشتی کد 9351,تخفیف خورده‌ها,مشکی NIKE,رنگ,اسپرت,کاربرد,زیپ,نحوه بسته شدن کیف,ساتن,جنس آستر,,,ندارد,تعداد جیب داخلی,5,تعداد جیب بیرونی,3,تعداد بند,پارچه ای,جنس رویه,من,مناسب برای,طول: ۴۴cm|عرض: ۲۰cm|کف: ۳۱cm,dimention
product_variation,,publish,9351-Black Nike,9351,1141000,913000,yes,10,,,,,,,,https://luxbaz.com/wp-content/uploads/2026/07/backpack-9351-black-nike.webp,,,backpack-9351-black-nike.webp,کوله پشتی کد ۹۳۵۱ - مشکی NIKE,کوله پشتی کد ۹۳۵۱ - مشکی NIKE,,مشکی NIKE,رنگ,,,,,,,,,,,,,,,,,,,,
product,کوله پشتی کد ۹۳۵۲,publish,9352,,1329000,1063000,yes,10,کوله ‌پشتی,,,کوله پشتی کد 9352,خرید کوله پشتی کد 9352 به رنگ مشکی NIKE با کیفیت عالی و قیمت مناسب از فروشگاه لوکس‌باز,کوله پشتی کد 9352,https://luxbaz.com/product/backpack-9352/,https://luxbaz.com/wp-content/uploads/2026/07/backpack-9352-main.webp,https://luxbaz.com/wp-content/uploads/2026/07/backpack-9352-main.webp|https://luxbaz.com/wp-content/uploads/2026/07/backpack-9352-black-nike.webp|https://luxbaz.com/wp-content/uploads/2026/07/backpack-9352-01.webp|https://luxbaz.com/wp-content/uploads/2026/07/backpack-9352-02.webp,کوله پشتی کد 9352|کوله پشتی کد 9352 رنگ Black Nike|کوله پشتی کد 9352 - نمای 01|کوله پشتی کد 9352 - نمای 02,backpack-9352-main.webp|backpack-9352-black-nike.webp|backpack-9352-01.webp|backpack-9352-02.webp,,کوله پشتی کد 9352,تخفیف خورده‌ها,مشکی NIKE,رنگ,اسپرت,کاربرد,زیپ,نحوه بسته شدن کیف,ساتن,جنس آستر,,,ندارد,تعداد جیب داخلی,5,تعداد جیب بیرونی,3,تعداد بند,پارچه ای,جنس رویه,من,مناسب برای,طول: ۳۹cm|عرض: ۱۵cm|کف: ۳۰cm,dimention
product_variation,,publish,9352-Black Nike,9352,1329000,1063000,yes,10,,,,,,,,https://luxbaz.com/wp-content/uploads/2026/07/backpack-9352-black-nike.webp,,,backpack-9352-black-nike.webp,کوله پشتی کد ۹۳۵۲ - مشکی NIKE,کوله پشتی کد ۹۳۵۲ - مشکی NIKE,,مشکی NIKE,رنگ,,,,,,,,,,,,,,,,,,,,
product,کوله پشتی کد ۹۳۵۳,publish,9353,,1386000,1109000,yes,10,کوله ‌پشتی,,,کوله پشتی کد 9353,خرید کوله پشتی کد 9353 به رنگ قهوه ای و کرم‌ و مشکی با کیفیت عالی و قیمت مناسب از فروشگاه لوکس‌باز,کوله پشتی کد 9353,https://luxbaz.com/product/backpack-9353/,https://luxbaz.com/wp-content/uploads/2026/07/backpack-9353-main.webp,https://luxbaz.com/wp-content/uploads/2026/07/backpack-9353-main.webp|https://luxbaz.com/wp-content/uploads/2026/07/backpack-9353-brown.webp|https://luxbaz.com/wp-content/uploads/2026/07/backpack-9353-black.webp|https://luxbaz.com/wp-content/uploads/2026/07/backpack-9353-01.webp|https://luxbaz.com/wp-content/uploads/2026/07/backpack-9353-02.webp|https://luxbaz.com/wp-content/uploads/2026/07/backpack-9353-03.webp,کوله پشتی کد 9353|کوله پشتی کد 9353 رنگ Brown|کوله پشتی کد 9353 رنگ black|کوله پشتی کد 9353 - نمای 01|کوله پشتی کد 9353 - نمای 02|کوله پشتی کد 9353 - نمای 03,backpack-9353-main.webp|backpack-9353-brown.webp|backpack-9353-black.webp|backpack-9353-01.webp|backpack-9353-02.webp|backpack-9353-03.webp,,کوله پشتی کد 9353,تخفیف خورده‌ها,قهوه ای|کرم‌|مشکی,رنگ,اسپرت,کاربرد,زیپ,نحوه بسته شدن کیف,ساتن,جنس آستر,دارد,بند بلند,ندارد,تعداد جیب داخلی,6,تعداد جیب بیرونی,4,تعداد بند,پارچه ای,جنس رویه,من,مناسب برای,طول: ۴۰cm|عرض: ۱۵cm|کف: ۲۷cm,dimention
product_variation,,publish,9353-Brown,9353,1386000,1109000,yes,10,,,,,,,,https://luxbaz.com/wp-content/uploads/2026/07/backpack-9353-brown.webp,,,backpack-9353-brown.webp,کوله پشتی کد ۹۳۵۳ - قهوه ای,کوله پشتی کد ۹۳۵۳ - قهوه ای,,قهوه ای,رنگ,,,,,,,,,,,,,,,,,,,,
product_variation,,publish,9353-cream,9353,1386000,1109000,yes,10,,,,,,,,https://luxbaz.com/wp-content/uploads/2026/07/backpack-9353-01.webp,,,backpack-9353-01.webp,کوله پشتی کد ۹۳۵۳ - کرم‌,کوله پشتی کد ۹۳۵۳ - کرم‌,,کرم‌,رنگ,,,,,,,,,,,,,,,,,,,,
product_variation,,publish,9353-black,9353,1386000,1109000,yes,10,,,,,,,,https://luxbaz.com/wp-content/uploads/2026/07/backpack-9353-black.webp,,,backpack-9353-black.webp,کوله پشتی کد ۹۳۵۳ - مشکی,کوله پشتی کد ۹۳۵۳ - مشکی,,مشکی,رنگ,,,,,,,,,,,,,,,,,,,,
product,کوله پشتی کد ۹۳۵۴,publish,9354,,1937000,,yes,10,کوله ‌پشتی,,,کوله پشتی کد 9354,خرید کوله پشتی کد 9354 به رنگ سبز و مشکی با کیفیت عالی و قیمت مناسب از فروشگاه لوکس‌باز,کوله پشتی کد 9354,https://luxbaz.com/product/backpack-9354/,https://luxbaz.com/wp-content/uploads/2026/07/backpack-9354-main.webp,https://luxbaz.com/wp-content/uploads/2026/07/backpack-9354-main.webp|https://luxbaz.com/wp-content/uploads/2026/07/backpack-9354-black.webp|https://luxbaz.com/wp-content/uploads/2026/07/backpack-9354-01.webp|https://luxbaz.com/wp-content/uploads/2026/07/backpack-9354-02.webp|https://luxbaz.com/wp-content/uploads/2026/07/backpack-9354-03.webp,کوله پشتی کد 9354|کوله پشتی کد 9354 رنگ black|کوله پشتی کد 9354 - نمای 01|کوله پشتی کد 9354 - نمای 02|کوله پشتی کد 9354 - نمای 03,backpack-9354-main.webp|backpack-9354-black.webp|backpack-9354-01.webp|backpack-9354-02.webp|backpack-9354-03.webp,,کوله پشتی کد 9354,,سبز|مشکی,رنگ,اسپرت,کاربرد,زیپ,نحوه بسته شدن کیف,ساتن,جنس آستر,,,ندارد,تعداد جیب داخلی,5,تعداد جیب بیرونی,3,تعداد بند,پارچه ای,جنس رویه,من,مناسب برای,طول: ۵۷cm|عرض: ۱۸cm|کف: ۳۸cm,dimention
product_variation,,publish,9354-green,9354,1937000,,yes,10,,,,,,,,https://luxbaz.com/wp-content/uploads/2026/07/backpack-9354-01.webp,,,backpack-9354-01.webp,کوله پشتی کد ۹۳۵۴ - سبز,کوله پشتی کد ۹۳۵۴ - سبز,,سبز,رنگ,,,,,,,,,,,,,,,,,,,,
product_variation,,publish,9354-black,9354,1937000,,yes,10,,,,,,,,https://luxbaz.com/wp-content/uploads/2026/07/backpack-9354-black.webp,,,backpack-9354-black.webp,کوله پشتی کد ۹۳۵۴ - مشکی,کوله پشتی کد ۹۳۵۴ - مشکی,,مشکی,رنگ,,,,,,,,,,,,,,,,,,,,
product,کوله پشتی کد ۹۳۵۷,publish,9357,,2558000,,yes,10,کوله ‌پشتی,,,کوله پشتی کد 9357,خرید کوله پشتی کد 9357 به رنگ سرمه ای با کیفیت عالی و قیمت مناسب از فروشگاه لوکس‌باز,کوله پشتی کد 9357,https://luxbaz.com/product/backpack-9357/,https://luxbaz.com/wp-content/uploads/2026/07/backpack-9357-main.webp,https://luxbaz.com/wp-content/uploads/2026/07/backpack-9357-main.webp|https://luxbaz.com/wp-content/uploads/2026/07/backpack-9357-01.webp|https://luxbaz.com/wp-content/uploads/2026/07/backpack-9357-02.webp|https://luxbaz.com/wp-content/uploads/2026/07/backpack-9357-03.webp,کوله پشتی کد 9357|کوله پشتی کد 9357 - نمای 01|کوله پشتی کد 9357 - نمای 02|کوله پشتی کد 9357 - نمای 03,backpack-9357-main.webp|backpack-9357-01.webp|backpack-9357-02.webp|backpack-9357-03.webp,,کوله پشتی کد 9357,,سرمه ای,رنگ,مدرسه|دانشگاه,کاربرد,زیپ,نحوه بسته شدن کیف,ساتن,جنس آستر,,,2,تعداد جیب داخلی,5,تعداد جیب بیرونی,2,تعداد بند,پارچه ای,جنس رویه,من,مناسب برای,طول: ۴۸cm|عرض: ۱۲cm|کف: ۳۹cm,dimention
product_variation,,publish,9357-navy Blue,9357,2558000,,yes,10,,,,,,,,https://luxbaz.com/wp-content/uploads/2026/07/backpack-9357-01.webp,,,backpack-9357-01.webp,کوله پشتی کد ۹۳۵۷ - سرمه ای,کوله پشتی کد ۹۳۵۷ - سرمه ای,,سرمه ای,رنگ,,,,,,,,,,,,,,,,,,,,
product,کوله پشتی کد ۹۳۶۰,publish,9360,,1386000,1109000,yes,10,کوله ‌پشتی,,,کوله پشتی کد 9360,خرید کوله پشتی کد 9360 به رنگ سرمه ای طرح 1 و طوسی تیره طرح 1 و مشکی طرح 1 با کیفیت عالی و قیمت مناسب از فروشگاه لوکس‌باز,کوله پشتی کد 9360,https://luxbaz.com/product/backpack-9360/,https://luxbaz.com/wp-content/uploads/2026/07/backpack-9360-main.webp,https://luxbaz.com/wp-content/uploads/2026/07/backpack-9360-main.webp|https://luxbaz.com/wp-content/uploads/2026/07/backpack-9360-dark-gray-pattern-1.webp|https://luxbaz.com/wp-content/uploads/2026/07/backpack-9360-black-design-1.webp|https://luxbaz.com/wp-content/uploads/2026/07/backpack-9360-01.webp|https://luxbaz.com/wp-content/uploads/2026/07/backpack-9360-02.webp|https://luxbaz.com/wp-content/uploads/2026/07/backpack-9360-03.webp|https://luxbaz.com/wp-content/uploads/2026/07/backpack-9360-04.webp,کوله پشتی کد 9360|کوله پشتی کد 9360 رنگ Dark Gray Pattern 1|کوله پشتی کد 9360 رنگ Black - Design 1|کوله پشتی کد 9360 - نمای 01|کوله پشتی کد 9360 - نمای 02|کوله پشتی کد 9360 - نمای 03|کوله پشتی کد 9360 - نمای 04,backpack-9360-main.webp|backpack-9360-dark-gray-pattern-1.webp|backpack-9360-black-design-1.webp|backpack-9360-01.webp|backpack-9360-02.webp|backpack-9360-03.webp|backpack-9360-04.webp,,کوله پشتی کد 9360,تخفیف خورده‌ها,سرمه ای طرح 1|طوسی تیره طرح 1|مشکی طرح 1,رنگ,اسپرت,کاربرد,زیپ,نحوه بسته شدن کیف,ساتن,جنس آستر,دارد,بند بلند,,,4,تعداد جیب بیرونی,3,تعداد بند,پارچه ای,جنس رویه,من,مناسب برای,طول: ۴۰cm|عرض: ۱۵cm|کف: ۳۵cm,dimention
product_variation,,publish,9360-Navy Pattern 1,9360,1386000,1109000,yes,10,,,,,,,,https://luxbaz.com/wp-content/uploads/2026/07/backpack-9360-01.webp,,,backpack-9360-01.webp,کوله پشتی کد ۹۳۶۰ - سرمه ای طرح 1,کوله پشتی کد ۹۳۶۰ - سرمه ای طرح 1,,سرمه ای طرح 1,رنگ,,,,,,,,,,,,,,,,,,,,
product_variation,,publish,9360-Dark Gray Pattern 1,9360,1386000,1109000,yes,10,,,,,,,,https://luxbaz.com/wp-content/uploads/2026/07/backpack-9360-dark-gray-pattern-1.webp,,,backpack-9360-dark-gray-pattern-1.webp,کوله پشتی کد ۹۳۶۰ - طوسی تیره طرح 1,کوله پشتی کد ۹۳۶۰ - طوسی تیره طرح 1,,طوسی تیره طرح 1,رنگ,,,,,,,,,,,,,,,,,,,,
product_variation,,publish,9360-Black - Design 1,9360,1386000,1109000,yes,10,,,,,,,,https://luxbaz.com/wp-content/uploads/2026/07/backpack-9360-black-design-1.webp,,,backpack-9360-black-design-1.webp,کوله پشتی کد ۹۳۶۰ - مشکی طرح 1,کوله پشتی کد ۹۳۶۰ - مشکی طرح 1,,مشکی طرح 1,رنگ,,,,,,,,,,,,,,,,,,,,
product,کوله پشتی کد ۹۳۸۱,publish,9381,,3317000,,yes,10,کوله ‌پشتی,,,کوله پشتی کد 9381,خرید کوله پشتی کد 9381 به رنگ سبز و سرمه ای و طوسی تیره با کیفیت عالی و قیمت مناسب از فروشگاه لوکس‌باز,کوله پشتی کد 9381,https://luxbaz.com/product/backpack-9381/,https://luxbaz.com/wp-content/uploads/2026/07/backpack-9381-main.webp,https://luxbaz.com/wp-content/uploads/2026/07/backpack-9381-main.webp|https://luxbaz.com/wp-content/uploads/2026/07/backpack-9381-dark-gray.webp|https://luxbaz.com/wp-content/uploads/2026/07/backpack-9381-black.webp|https://luxbaz.com/wp-content/uploads/2026/07/backpack-9381-coffee.webp|https://luxbaz.com/wp-content/uploads/2026/07/backpack-9381-01.webp|https://luxbaz.com/wp-content/uploads/2026/07/backpack-9381-02.webp|https://luxbaz.com/wp-content/uploads/2026/07/backpack-9381-03.webp,کوله پشتی کد 9381|کوله پشتی کد 9381 رنگ Dark Gray|کوله پشتی کد 9381 رنگ black|کوله پشتی کد 9381 رنگ Coffee|کوله پشتی کد 9381 - نمای 01|کوله پشتی کد 9381 - نمای 02|کوله پشتی کد 9381 - نمای 03,backpack-9381-main.webp|backpack-9381-dark-gray.webp|backpack-9381-black.webp|backpack-9381-coffee.webp|backpack-9381-01.webp|backpack-9381-02.webp|backpack-9381-03.webp,,کوله پشتی کد 9381,,سبز|سرمه ای|طوسی تیره|مشکی|نسکافه ای,رنگ,روزمره,کاربرد,زیپ,نحوه بسته شدن کیف,ساتن,جنس آستر,,,1,تعداد جیب داخلی,11,تعداد جیب بیرونی,4,تعداد بند,برزنت,جنس رویه,من,مناسب برای,طول: ۴۵cm|عرض: ۲۰cm|کف: ۴۰cm,dimention
product_variation,,publish,9381-green,9381,3317000,,yes,10,,,,,,,,https://luxbaz.com/wp-content/uploads/2026/07/backpack-9381-01.webp,,,backpack-9381-01.webp,کوله پشتی کد ۹۳۸۱ - سبز,کوله پشتی کد ۹۳۸۱ - سبز,,سبز,رنگ,,,,,,,,,,,,,,,,,,,,
product_variation,,publish,9381-navy Blue,9381,3317000,,yes,10,,,,,,,,https://luxbaz.com/wp-content/uploads/2026/07/backpack-9381-02.webp,,,backpack-9381-02.webp,کوله پشتی کد ۹۳۸۱ - سرمه ای,کوله پشتی کد ۹۳۸۱ - سرمه ای,,سرمه ای,رنگ,,,,,,,,,,,,,,,,,,,,
product_variation,,publish,9381-Dark Gray,9381,3317000,,yes,10,,,,,,,,https://luxbaz.com/wp-content/uploads/2026/07/backpack-9381-dark-gray.webp,,,backpack-9381-dark-gray.webp,کوله پشتی کد ۹۳۸۱ - طوسی تیره,کوله پشتی کد ۹۳۸۱ - طوسی تیره,,طوسی تیره,رنگ,,,,,,,,,,,,,,,,,,,,
product_variation,,publish,9381-black,9381,3317000,,yes,10,,,,,,,,https://luxbaz.com/wp-content/uploads/2026/07/backpack-9381-black.webp,,,backpack-9381-black.webp,کوله پشتی کد ۹۳۸۱ - مشکی,کوله پشتی کد ۹۳۸۱ - مشکی,,مشکی,رنگ,,,,,,,,,,,,,,,,,,,,
product_variation,,publish,9381-Coffee,9381,3317000,,yes,10,,,,,,,,https://luxbaz.com/wp-content/uploads/2026/07/backpack-9381-coffee.webp,,,backpack-9381-coffee.webp,کوله پشتی کد ۹۳۸۱ - نسکافه ای,کوله پشتی کد ۹۳۸۱ - نسکافه ای,,نسکافه ای,رنگ,,,,,,,,,,,,,,,,,,,,
