شناسه,نوع,"شناسه محصول","نام ویژگی 1","مقدار ویژگی 1","ویژگی 1 قابل مشاهده است","ویژگی سراسری 1","نام ویژگی 2","مقدار ویژگی 2","ویژگی 2 قابل مشاهده است","ویژگی سراسری 2","نام ویژگی 3","مقدار ویژگی 3","ویژگی 3 قابل مشاهده است","ویژگی سراسری 3","نام ویژگی 4","مقدار ویژگی 4","ویژگی 4 قابل مشاهده است","ویژگی سراسری 4","نام ویژگی 5","مقدار ویژگی 5","ویژگی 5 قابل مشاهده است","ویژگی سراسری 5","نام ویژگی 6","مقدار ویژگی 6","ویژگی 6 قابل مشاهده است","ویژگی سراسری 6","متا: rank_math_internal_links_processed","متا: __is_newly_created_product","متا: _wp_page_template","متا: __first_variation_id","نام ویژگی 7","مقدار ویژگی 7","ویژگی 7 قابل مشاهده است","ویژگی سراسری 7","نام ویژگی 8","مقدار ویژگی 8","ویژگی 8 قابل مشاهده است","ویژگی سراسری 8","متا: rank_math_seo_score","متا: _prk_selectsizeguide","متا: product_facke_brand_show","متا: product_return_show","متا: special_send_box_single","متا: product_granti_show","متا: product_Original_show","متا: onsales_round","متا: product_hamta_show","متا: product_facke_brand_text","متا: product_return_text","متا: product_hamta_text","متا: progress_sales","متا: prk_add_to_cart_label","متا: prk_product_label","متا: en_pro_name","متا: product_english_name","متا: prk_product_featured_attributes","متا: date_send_pro"
8148,variable,3856,رنگ,"عسلی, قهوه ای, مشکی",0,1,کاربرد,اسپرت,1,1,"جنس آستر",ساتن,1,1,"تعداد جیب داخلی",8,1,1,"جنس رویه","چرم مصنوعی",1,1,ابعاد,"طول: ۱۸cm, عرض: ۱cm",1,1,1,,default,8151,,,,,,,,,,,,,,,,,,,,,,,,,,,
8155,variable,3868,رنگ,"عسلی طرح 1, عسلی طرح 10, عسلی طرح 11, عسلی طرح 12, عسلی طرح 13, عسلی طرح 14, عسلی طرح 2, عسلی طرح 3, عسلی طرح 4, عسلی طرح 5, عسلی طرح 6, عسلی طرح 7, عسلی طرح 8, عسلی طرح 9",0,1,کاربرد,روزمره,1,1,"جنس آستر",ندارد,1,1,"بند بلند",ندارد,1,1,"تعداد جیب داخلی",10,1,1,"جنس رویه","چرم مصنوعی",1,1,1,,default,8157,ابعاد,"طول: ۱۵cm, عرض: ۱cm, کف: ۱۰cm",1,1,,,,,,,,,,,,,,,,,,,,,,,
8164,variable,3871,رنگ,"سفید, سفید دیور, سفید طرح دار, طلائی, طلائی پلنگی, طوسی تیره, طوسی تیره گوچی ریز, قهوه ای, قهوه ای چهارخونه, قهوه ای طرح دار, قهوه ای گوچی ریز, مشکی, مشکی LV درشت, مشکی LV ریز, مشکی MK ریز, مشکی چهارخونه, مشکی سنگی, مشکی شرانگ, مشکی طرح 1, مشکی طرح دار, مشکی گوچی داغی, مشکی لویی ویتون درشت",0,1,کاربرد,روزمره,1,1,"جنس آستر",ساتن,1,1,"بند بلند",ندارد,1,1,"تعداد جیب داخلی",8,1,1,"جنس رویه","چرم مصنوعی",1,1,1,,default,8167,ابعاد,"طول: nancm, عرض: nancm",1,1,,,,,,,,,,,,,,,,,,,,,,,
8181,variable,4547,رنگ,"سفید MK ریز, سفید دیور, طوسی روشن, طوسی روشن کنفی, عسلی, عسلی فندی, قهوه ای LV درشت, کرم چهارخونه, کرم روشن, کرم روشن کنفی, مشکی جیوانچی, مشکی سنگی, مشکی شرانگ, مشکی لویی ویتون داغی, مشکی لیزارد",0,1,کاربرد,روزمره,1,1,"جنس آستر",ساتن,1,1,"بند بلند",دارد,1,1,"تعداد جیب داخلی",1,1,1,"تعداد بند",2,1,1,1,,default,8190,"جنس رویه","چرم مصنوعی",1,1,ابعاد,"طول: ۱۴cm, عرض: ۲۱cm",1,1,,,,,,,,,,,,,,,,,,,
8194,variable,4590,رنگ,"زرد, زرشکی, سبز آبی, سرمه ای, صورتی, طوسی روشن, قهوه ای, کرم روشن, مشکی, نارنجی, نسکافه ای",0,1,کاربرد,روزمره,1,1,"جنس آستر",ساتن,1,1,"بند بلند",دارد,1,1,"تعداد جیب داخلی",1,1,1,"تعداد بند",2,1,1,1,,default,8204,"جنس رویه","چرم مصنوعی",1,1,ابعاد,"طول: ۲۱cm, عرض: ۱۷cm",1,1,,,,,,,,,,,,,,,,,,,
8206,variable,4634,رنگ,"زرشکی, زرشکی شرانگ, سبز مغز پسته ای, عسلی, عسلی شرانگ, مشکی شرانگ, نسکافه ای, نسکافه ای شرانگ, یاسی, یاسی شرانگ",0,1,کاربرد,اسپرت,1,1,"جنس آستر",ساتن,1,1,"بند بلند",دارد,1,1,"تعداد جیب داخلی",1,1,1,"تعداد بند",1,1,1,1,,default,9243,"جنس رویه","چرم مصنوعی",1,1,ابعاد,"طول: ۱۵cm, عرض: ۲۲cm",1,1,,,,,,,,,,,,,,,,,,,
8213,variable,4646,رنگ,"سفید MK ریز, سفید پیچازی, سفید دیور, طوسی روشن, طوسی روشن کنفی, عسلی, عسلی فندی, قهوه ای LV ریز, قهوه ای کنفی, کرم پیچازی, کرم چهارخونه, مشکی barbery, مشکی جیوانچی",0,1,کاربرد,اسپرت,1,1,"جنس آستر",ساتن,1,1,"بند بلند",دارد,1,1,"تعداد بند",1,1,1,"جنس رویه","چرم مصنوعی",1,1,1,,default,8220,ابعاد,"طول: ۱۲cm, عرض: ۲۰cm",1,1,,,,,,,,,,,,,,,,,,,,,,,
8224,variable,4650,رنگ,"طوسی تیره, طوسی تیره کنفی, کاراملی, کاراملی کنفی, مشکی کنفی",0,1,کاربرد,روزمره,1,1,"جنس آستر",ساتن,1,1,"بند بلند",دارد,1,1,"جنس رویه",کنفی,1,1,ابعاد,"طول: ۲۱cm, عرض: ۴cm",1,1,1,,default,8227,,,,,,,,,,,,,,,,,,,,,,,,,,,
8228,variable,4658,رنگ,"سبز, سبز کنفی, سفید کنفی, طوسی روشن, طوسی روشن کنفی, مشکی کنفی",0,1,کاربرد,اسپرت,1,1,"جنس آستر",ساتن,1,1,"بند بلند",دارد,1,1,"تعداد بند",1,1,1,"جنس رویه","چرم مصنوعی",1,1,1,,default,8232,ابعاد,"طول: ۱۳cm, عرض: ۲۱cm",1,1,,,,,,,,,,,,,,,,,,,,,,,
8233,variable,4659,رنگ,"طوسی روشن, طوسی روشن کنفی, کرم روشن, کرم روشن کنفی, نسکافه ای کنفی",0,1,"جنس آستر",ساتن,1,1,"بند بلند",دارد,1,1,"تعداد جیب داخلی",1,1,1,"جنس رویه","چرم مصنوعی",1,1,ابعاد,"طول: ۱۷cm, عرض: ۲۲cm",1,1,1,,default,8236,,,,,,,,,,,,,,,,,,,,,,,,,,,
8237,variable,4666,رنگ,"طوسی روشن, طوسی روشن کنفی, کرم روشن, کرم روشن کنفی, مشکی کنفی, نسکافه ای کنفی",0,1,کاربرد,روزمره,1,1,"جنس آستر",ساتن,1,1,"بند بلند",دارد,1,1,"تعداد جیب داخلی",1,1,1,"تعداد بند",1,1,1,1,,default,8241,"جنس رویه","چرم مصنوعی",1,1,ابعاد,"طول: ۱۴cm, عرض: ۳۰cm",1,1,,,,,,,,,,,,,,,,,,,
8242,variable,4668,رنگ,"طوسی روشن, طوسی روشن طرح 7, طوسی روشن طرح 8, طوسی روشن طرح 9, نسکافه ای, نسکافه ای طرح 1, نسکافه ای طرح 10, نسکافه ای طرح 2, نسکافه ای طرح 3, نسکافه ای طرح 4, نسکافه ای طرح 5, نسکافه ای طرح 6",0,1,کاربرد,روزمره,1,1,"جنس آستر",ساتن,1,1,"بند بلند",دارد,1,1,"تعداد بند",1,1,1,"جنس رویه","پارچه ای",1,1,1,,default,8251,ابعاد,"طول: ۲۱cm, عرض: ۵cm",1,1,,,,,,,,,,,,,,,,,,,,,,,
8252,variable,4669,رنگ,"سفید, مشکی",0,1,کاربرد,روزمره,1,1,"جنس آستر",ساتن,1,1,"بند بلند",دارد,1,1,"تعداد جیب داخلی",1,1,1,"تعداد بند",1,1,1,1,,default,8253,"جنس رویه","چرم مصنوعی",1,1,ابعاد,"طول: ۱۱cm, عرض: ۲۶cm",1,1,,,,,,,,,,,,,,,,,,,
8255,variable,4670,رنگ,"طوسی تیره, طوسی تیره کنفی, طوسی روشن, طوسی روشن کنفی, قهوه ای کنفی, کرم روشن, مشکی نسکافه ای, نسکافه ای کنفی",0,1,کاربرد,روزمره,1,1,"جنس آستر",ساتن,1,1,"بند بلند",دارد,1,1,"تعداد بند",1,1,1,"جنس رویه",کنفی,1,1,1,,default,8261,ابعاد,"طول: ۲۲cm, عرض: ۸cm",1,1,,,,,,,,,,,,,,,,,,,,,,,
8262,variable,4672,رنگ,"قهوه ای, قهوه ای Barbery, کاراملی, کاراملی Barbery, کرم, کرم Barbery, مشکی پارچه ای",0,1,کاربرد,اسپرت,1,1,"جنس آستر",ساتن,1,1,"بند بلند",دارد,1,1,"تعداد بند",1,1,1,"جنس رویه","پارچه ای",1,1,1,,default,8265,ابعاد,"طول: ۲۱cm, عرض: ۱۴cm",1,1,,,,,,,,,,,,,,,,,,,,,,,
8267,variable,4674,رنگ,"کاراملی, کاراملی Barbery, کرم, کرم Barbery, مشکی barbery",0,1,کاربرد,روزمره,1,1,"جنس آستر",ساتن,1,1,"بند بلند",دارد,1,1,"تعداد بند",1,1,1,"جنس رویه","چرم مصنوعی",1,1,1,,default,8270,ابعاد,"طول: ۲۲cm, عرض: ۱۶cm",1,1,,,,,,,,,,,,,,,,,,,,,,,
8275,variable,4686,رنگ,"سرمه ای, سرمه ای پارچه ای, مشکی پارچه ای",0,1,کاربرد,اداری,1,1,"جنس آستر",ساتن,1,1,"بند بلند",دارد,1,1,"تعداد جیب داخلی",1,1,1,"تعداد بند",1,1,1,1,,default,8276,"جنس رویه","پارچه ای",1,1,ابعاد,"طول: ۱۳cm, عرض: ۲۱cm",1,1,,,,,,,,,,,,,,,,,,,
8278,variable,4688,رنگ,"سرمه ای, سرمه ای پارچه ای, مشکی barbery, مشکی پارچه ای",0,1,کاربرد,اداری,1,1,"جنس آستر",ساتن,1,1,"بند بلند",دارد,1,1,"تعداد جیب داخلی",1,1,1,"تعداد بند",1,1,1,1,,default,9267,"جنس رویه","پارچه ای",1,1,ابعاد,"طول: ۱۷cm, عرض: ۲۵cm",1,1,,,,,,,,,,,,,,,,,,,
8292,variable,4702,رنگ,"سفید LV ریز, سفید MK ریز, سفید دیور, کرم LV درشت, کرم چهارخونه, کرم دیور, مشکی MK درشت, مشکی MK ریز",0,1,کاربرد,روزمره,1,1,"جنس آستر",ساتن,1,1,"بند بلند",دارد,1,1,"تعداد جیب داخلی",2,1,1,"تعداد بند",1,1,1,1,,default,8294,"جنس رویه","چرم مصنوعی",1,1,ابعاد,"طول: ۱۸cm, عرض: ۲۸cm",1,1,,,,,,,,,,,,,,,,,,,
8303,variable,4708,رنگ,"آبی, زرشکی, سبز مغز پسته ای, سرمه ای, سفید, صورتی, طوسی روشن, عسلی, قهوه ای, کرم روشن, مشکی, نسکافه ای",0,1,کاربرد,روزمره,1,1,"جنس آستر",ساتن,1,1,"بند بلند",دارد,1,1,"تعداد جیب داخلی",1,1,1,"تعداد بند",1.0,1,1,1,,default,8308,"جنس رویه","چرم مصنوعی",1,1,ابعاد,"طول: ۱۶cm, عرض: ۳۰cm, کف: ۸cm",1,1,,,,,,,,,,,,,,,,,,,
8312,variable,4709,رنگ,"عسلی, کرم, کرم روشن, مشکی, نسکافه ای",0,1,کاربرد,روزمره,1,1,"جنس آستر",ساتن,1,1,"بند بلند",دارد,1,1,"تعداد جیب داخلی",1,1,1,"تعداد بند",1.0,1,1,1,,default,8314,"جنس رویه","چرم مصنوعی",1,1,ابعاد,"طول: ۲۵cm, عرض: ۱۰cm, کف: ۱۵cm",1,1,,,,,,,,,,,,,,,,,,,
8317,variable,4710,رنگ,"سبز سدری, طوسی تیره, طوسی روشن, عسلی, قهوه ای, کرم, مشکی, مشکی شرانگ, نسکافه ای",0,1,کاربرد,روزمره,1,1,"جنس آستر",ساتن,1,1,"بند بلند",دارد,1,1,"تعداد جیب داخلی",3,1,1,"تعداد بند",1.0,1,1,1,,default,8318,"جنس رویه","پارچه ای",1,1,ابعاد,"طول: ۲۰cm, عرض: ۱۰cm, کف: ۱۵cm",1,1,,,,,,,,,,,,,,,,,,,
8326,variable,4711,رنگ,"آبی دراگون, آبی کاربنی دراگون, بنفش دراگون, زرد خردلی دراگون, سبز دراگون, سبز سدری دراگون, سرخابی دراگون, سفید دراگون, طوسی روشن دراگون, عسلی دراگون, کرم دراگون, مشکی دراگون, نارنجی دراگون, نسکافه ای دراگون, یاسی دراگون",0,1,کاربرد,روزمره,1,1,"جنس آستر",ساتن,1,1,"بند بلند",دارد,1,1,"تعداد جیب داخلی",1,1,1,"تعداد بند",2,1,1,1,,default,11671,"جنس رویه","چرم مصنوعی",1,1,ابعاد,"طول: ۱۸cm, عرض: ۲۳cm",1,1,,,,,,,,,,,,,,,,,,,
8344,variable,4722,رنگ,"سبز مغز پسته ای, سرمه ای, طوسی تیره, عسلی, مشکی, مشکی نانسی, نسکافه ای, نسکافه ای نانسی",0,1,کاربرد,اسپرت,1,1,"جنس آستر",ساتن,1,1,"بند بلند",دارد,1,1,"تعداد بند",3,1,1,"جنس رویه","چرم مصنوعی",1,1,1,,default,9294,ابعاد,"طول: ۲۹cm, عرض: ۹cm",1,1,,,,,,,,,,,,,,,,,,,,,,,
8351,variable,4723,رنگ,"سرخابی, سفید, قهوه ای, کاراملی, کرم, مشکی, نسکافه ای",0,1,کاربرد,اسپرت,1,1,"جنس آستر",ساتن,1,1,"بند بلند",دارد,1,1,"تعداد جیب داخلی",ندارد,1,1,"تعداد بند",3.0,1,1,1,,default,8352,"جنس رویه","چرم مصنوعی",1,1,ابعاد,"طول: ۲۰cm, عرض: ۱۰cm, کف: ۱۵cm",1,1,,,,,,,,,,,,,,,,,,,
8359,variable,4724,رنگ,"مشکی طرح 1, مشکی طرح 2, مشکی طرح 3, مشکی طرح 4, مشکی لویی ویتون داغی",0,1,کاربرد,اسپرت,1,1,"جنس آستر",ساتن,1,1,"تعداد بند",2,1,1,"جنس رویه","چرم مصنوعی",1,1,ابعاد,"طول: ۳۱cm, عرض: ۷cm",1,1,1,,default,8364,,,,,,,,,,,,,,,,,,,,,,,,,,,
8365,variable,4727,رنگ,"طوسی روشن, طوسی روشن گوچی ریز, کرم چهارخونه, مشکی چهارخونه, نسکافه ای Coach",0,1,کاربرد,اسپرت,1,1,"جنس آستر",ساتن,1,1,"تعداد بند",1,1,1,"جنس رویه","چرم مصنوعی",1,1,ابعاد,"طول: ۱۷cm, عرض: ۸cm",1,1,1,,default,8369,,,,,,,,,,,,,,,,,,,,,,,,,,,
8372,variable,4729,رنگ,"سرمه ای, قهوه ای, کاراملی, کرم, مشکی",0,1,کاربرد,اسپرت,1,1,"بند بلند",دارد,1,1,"تعداد جیب داخلی",1,1,1,"تعداد بند",1,1,1,"جنس رویه","چرم مصنوعی",1,1,1,,default,8375,ابعاد,"طول: ۱۸cm, عرض: ۷cm",1,1,,,,,,,,,,,,,,,,,,,,,,,
8378,variable,4730,رنگ,"سرمه ای, کرم, نسکافه ای",0,1,کاربرد,اسپرت,1,1,"جنس آستر",ساتن,1,1,"بند بلند",دارد,1,1,"تعداد جیب داخلی",2,1,1,"تعداد بند",1,1,1,1,,default,8380,"جنس رویه","چرم مصنوعی",1,1,ابعاد,"طول: ۲۰cm, عرض: ۵cm",1,1,,,,,,,,,,,,,,,,,,,
9208,variable,3885,رنگ,"قرمز, قهوه ای, مشکی",0,1,کاربرد,اسپرت,1,1,"جنس آستر",ساتن,1,1,"تعداد جیب داخلی",8,1,1,"تعداد بند",1,1,1,"جنس رویه","چرم مصنوعی",1,1,1,,default,9211,ابعاد,"طول: ۲۰cm, عرض: ۱cm",1,1,,,,,,,,,,,,,,,,,,,,,,,
9212,variable,3886,رنگ,"طوسی تیره, عسلی, قهوه ای, مشکی",0,1,کاربرد,اسپرت,1,1,"جنس آستر",ساتن,1,1,"تعداد جیب داخلی",8,1,1,"تعداد بند",1,1,1,"جنس رویه","چرم مصنوعی",1,1,1,,default,9216,ابعاد,"طول: ۲۸cm, عرض: ۱cm",1,1,,,,,,,,,,,,,,,,,,,,,,,
9217,variable,3887,رنگ,"عسلی, قهوه ای, قهوه ای روشن, مشکی",0,1,کاربرد,اسپرت,1,1,"جنس آستر",ساتن,1,1,"تعداد جیب داخلی",8,1,1,"تعداد بند",1,1,1,"جنس رویه","چرم مصنوعی",1,1,1,,default,9221,ابعاد,"طول: ۲۰cm, عرض: ۱cm",1,1,,,,,,,,,,,,,,,,,,,,,,,
9222,variable,4369,رنگ,"سفید MK درشت, سفید MK ریز, طوسی تیره کنفی, طوسی روشن کنفی, قهوه ای LV, قهوه ای فندی, کرم Coach, کرم LV, کرم پیچازی, کرم گوچی ریز, مشکی MK درشت, مشکی جیوانچی, مشکی دیور, مشکی سنگی",0,1,ابعاد,"طول: nancm, عرض: nancm",1,1,,,,,,,,,,,,,,,,,1,,default,9236,,,,,,,,,,,,,,,,,,,,,,,,,,,
9283,variable,4712,رنگ,"سرمه ای, قهوه ای, کرم, مشکی, نسکافه ای",0,1,کاربرد,روزمره,1,1,"جنس آستر",ساتن,1,1,"بند بلند",دارد,1,1,"تعداد جیب داخلی",1,1,1,"تعداد بند",2,1,1,1,,default,9288,"جنس رویه","چرم مصنوعی",1,1,ابعاد,"طول: ۲۶cm, عرض: ۱۶cm",1,1,,,,,,,,,,,,,,,,,,,
9289,variable,4713,رنگ,مشکی,0,1,ابعاد,"طول: ۲۵cm, عرض: ۷cm",1,1,,,,,,,,,,,,,,,,,1,,default,11546,,,,,,,,,,,,,,,,,,,,,,,,,,,
9296,variable,4725,رنگ,"مشکی طرح 11, مشکی طرح 2, مشکی طرح 3, مشکی طرح 6, مشکی طرح 7, مشکی طرح 8, مشکی طرح 9",0,1,ابعاد,"طول: ۲۴cm, عرض: ۹cm",1,1,,,,,,,,,,,,,,,,,1,,default,9303,,,,,,,,,,,,,,,,,,,,,,,,,,,
9310,variable,4732,رنگ,"قهوه ای لویی ویتون ریز, کرم Coach, کرم چهارخونه, مشکی لیزارد",0,1,کاربرد,اسپرت,1,1,"جنس آستر",ساتن,1,1,"بند بلند",دارد,1,1,"تعداد جیب داخلی",1,1,1,"تعداد بند",3.0,1,1,1,,default,9312,"جنس رویه","چرم مصنوعی",1,1,ابعاد,"طول: ۲۰cm, عرض: ۱۰cm, کف: ۱۵cm",1,1,,,,,,,,,,,,,,,,,,,
9320,variable,4734,رنگ,"طوسی روشن شرانگ, کرم شرانگ, مشکی شرانگ, نسکافه ای شرانگ",0,1,کاربرد,اسپرت,1,1,"جنس آستر",ساتن,1,1,"بند بلند",دارد,1,1,"تعداد جیب داخلی",ندارد,1,1,"تعداد بند",1.0,1,1,1,,default,9322,"جنس رویه","چرم مصنوعی",1,1,ابعاد,"طول: ۲۵cm, عرض: ۱۰cm, کف: ۱۲cm",1,1,,,,,,,,,,,,,,,,,,,
9327,variable,4736,رنگ,"مشکی طرح 1, مشکی طرح 2, مشکی طرح 3, مشکی لویی ویتون داغی",0,1,کاربرد,رسمی,1,1,"جنس آستر",ساتن,1,1,"بند بلند",دارد,1,1,"تعداد جیب داخلی",2,1,1,"تعداد بند",1,1,1,1,,default,9331,"جنس رویه","چرم مصنوعی",1,1,ابعاد,"طول: ۲۰cm, عرض: ۵cm",1,1,,,,,,,,,,,,,,,,,,,
9332,variable,4737,رنگ,"مشکی طرح 1, مشکی طرح 2, مشکی لیزارد",0,1,کاربرد,رسمی,1,1,"جنس آستر",ساتن,1,1,"بند بلند",دارد,1,1,"تعداد بند",1,1,1,"جنس رویه","چرم مصنوعی",1,1,1,,default,9335,ابعاد,"طول: ۲۰cm, عرض: ۵cm",1,1,,,,,10,#NONE#,no,no,no,no,no,no,no,"این محصول به وسیله تولید کننده اصلی(برند) تولید نشده است.","امکان برگشت کالا با دلیل ""انصراف از خرید"" تنها در صورتی مورد قبول است که پلمب کالا باز نشده باشد.","هشدار سامانه همتا: حتما در زمان تحویل دستگاه، به کمک کد فعال‌سازی چاپ شده روی جعبه یا کارت گارانتی، دستگاه را از طریق #7777*، برای سیم‌کارت خود فعال‌سازی کنید. آموزش تصویری در آدرس اینترنتی hmti.ir/05",,,,,,,0
9336,variable,4739,رنگ,"قهوه ای شرانگ, کرم شرانگ, مشکی شرانگ, نسکافه ای شرانگ",0,1,کاربرد,اداری,1,1,"جنس آستر",ساتن,1,1,"بند بلند",دارد,1,1,"تعداد بند",1,1,1,"جنس رویه","چرم مصنوعی",1,1,1,,default,9340,ابعاد,"طول: ۲۳cm, عرض: ۹cm",1,1,,,,,,,,,,,,,,,,,,,,,,,
9341,variable,4740,رنگ,"سفید, عسلی, کرم, مشکی",0,1,کاربرد,رسمی,1,1,"جنس آستر",ساتن,1,1,"بند بلند",دارد,1,1,"تعداد بند",1,1,1,"جنس رویه","چرم مصنوعی",1,1,1,,default,9345,ابعاد,"طول: ۱۹cm, عرض: ۸cm",1,1,,,,,,,,,,,,,,,,,,,,,,,
9346,variable,4741,رنگ,"قهوه ای Coach, قهوه ای لویی ویتون ریز, کرم چهارخونه, کرم دیور, کرم کنفی, مشکی شرانگ, مشکی لیزارد",0,1,کاربرد,اسپرت,1,1,"جنس آستر",ساتن,1,1,"بند بلند",دارد,1,1,"تعداد بند",3,1,1,"جنس رویه","چرم مصنوعی",1,1,1,,default,9353,ابعاد,"طول: ۲۶cm, عرض: ۸cm",1,1,,,,,,,,,,,,,,,,,,,,,,,
9354,variable,4742,رنگ,"سرمه ای, سفید, کاراملی, کرم, مشکی, نسکافه ای",0,1,ابعاد,"طول: nancm, عرض: nancm",1,1,,,,,,,,,,,,,,,,,1,,default,9360,,,,,,,,,10,#NONE#,no,no,no,no,no,no,no,"این محصول به وسیله تولید کننده اصلی(برند) تولید نشده است.","امکان برگشت کالا با دلیل ""انصراف از خرید"" تنها در صورتی مورد قبول است که پلمب کالا باز نشده باشد.","هشدار سامانه همتا: حتما در زمان تحویل دستگاه، به کمک کد فعال‌سازی چاپ شده روی جعبه یا کارت گارانتی، دستگاه را از طریق #7777*، برای سیم‌کارت خود فعال‌سازی کنید. آموزش تصویری در آدرس اینترنتی hmti.ir/05",,,,,,,0
9473,variable,5720,رنگ,"سرمه ای شرانگ, قهوه ای شرانگ, کرم شرانگ, مشکی شرانگ, نسکافه ای شرانگ",0,1,کاربرد,اسپرت,1,1,"جنس آستر",ساتن,1,1,"بند بلند",دارد,1,1,"تعداد بند",3,1,1,"جنس رویه","چرم مصنوعی",1,1,1,,default,9478,ابعاد,"طول: ۳۴cm, عرض: ۱۲cm",1,1,,,,,5,#NONE#,no,no,no,no,no,no,no,"این محصول به وسیله تولید کننده اصلی(برند) تولید نشده است.","امکان برگشت کالا با دلیل ""انصراف از خرید"" تنها در صورتی مورد قبول است که پلمب کالا باز نشده باشد.","هشدار سامانه همتا: حتما در زمان تحویل دستگاه، به کمک کد فعال‌سازی چاپ شده روی جعبه یا کارت گارانتی، دستگاه را از طریق #7777*، برای سیم‌کارت خود فعال‌سازی کنید. آموزش تصویری در آدرس اینترنتی hmti.ir/05",,,,,,,0
13197,variable,4738,رنگ,"قهوه ای, نسکافه ای",0,1,کاربرد,اسپرت,1,1,"جنس آستر",ساتن,1,1,"بند بلند",دارد,1,1,"تعداد جیب داخلی",1,1,1,"تعداد بند",1.0,1,1,1,1,default,13207,"جنس رویه","چرم مصنوعی",1,1,ابعاد,"طول: ۲۶cm, عرض: ۹cm, کف: ۱۵cm",1,1,,,,,,,,,,,,,,,,,,,
13213,variable,5649,رنگ,"بنفش دراگون, زرد خردلی دراگون, سبز مغز پسته ای دراگون",0,1,کاربرد,رسمی,1,1,"جنس آستر",ساتن,1,1,"بند بلند",دارد,1,1,"تعداد جیب داخلی",1,1,1,"تعداد بند",3.0,1,1,1,1,default,13217,"جنس رویه","چرم مصنوعی",1,1,ابعاد,"طول: ۳۰cm, عرض: ۱۰cm, کف: ۲۵cm",1,1,5,#NONE#,no,no,no,no,no,no,no,"این محصول به وسیله تولید کننده اصلی(برند) تولید نشده است.","امکان برگشت کالا با دلیل ""انصراف از خرید"" تنها در صورتی مورد قبول است که پلمب کالا باز نشده باشد.","هشدار سامانه همتا: حتما در زمان تحویل دستگاه، به کمک کد فعال‌سازی چاپ شده روی جعبه یا کارت گارانتی، دستگاه را از طریق #7777*، برای سیم‌کارت خود فعال‌سازی کنید. آموزش تصویری در آدرس اینترنتی hmti.ir/05",,,,,,,0
8149,variation,3856-brown,رنگ,"قهوه ای",,1,,,,,,,,,,,,,,,,,,,,,,,default,,,,,,,,,,,,,,,,,,,,,,,,,,,,
8150,variation,3856-honey,رنگ,عسلی,,1,,,,,,,,,,,,,,,,,,,,,,,default,,,,,,,,,,,,,,,,,,,,,,,,,,,,
8151,variation,3856-black,رنگ,مشکی,,1,,,,,,,,,,,,,,,,,,,,,,,default,,,,,,,,,,,,,,,,,,,,,,,,,,,,
8157,variation,"3868-honey - design 9",رنگ,"عسلی طرح 9",,1,,,,,,,,,,,,,,,,,,,,,,,default,,,,,,,,,,,,,,,,,,,,,,,,,,,,
8158,variation,"3868-honey - design 12",رنگ,"عسلی طرح 12",,1,,,,,,,,,,,,,,,,,,,,,,,default,,,,,,,,,,,,,,,,,,,,,,,,,,,,
8159,variation,"3868-honey - design 8",رنگ,"عسلی طرح 8",,1,,,,,,,,,,,,,,,,,,,,,,,default,,,,,,,,,,,,,,,,,,,,,,,,,,,,
8160,variation,"3868-honey - design 2",رنگ,"عسلی طرح 2",,1,,,,,,,,,,,,,,,,,,,,,,,default,,,,,,,,,,,,,,,,,,,,,,,,,,,,
8161,variation,"3868-honey - design 14",رنگ,"عسلی طرح 14",,1,,,,,,,,,,,,,,,,,,,,,,,default,,,,,,,,,,,,,,,,,,,,,,,,,,,,
8162,variation,"3868-honey - design 3",رنگ,"عسلی طرح 3",,1,,,,,,,,,,,,,,,,,,,,,,,default,,,,,,,,,,,,,,,,,,,,,,,,,,,,
9196,variation,"3868-honey pattern 10",رنگ,"عسلی طرح 10",,1,,,,,,,,,,,,,,,,,,,,,,,default,,,,,,,,,,,,,,,,,,,,,,,,,,,,
9197,variation,"3868-honey pattern 11",رنگ,"عسلی طرح 11",,1,,,,,,,,,,,,,,,,,,,,,,,default,,,,,,,,,,,,,,,,,,,,,,,,,,,,
9198,variation,"3868-honey pattern 4",رنگ,"عسلی طرح 4",,1,,,,,,,,,,,,,,,,,,,,,,,default,,,,,,,,,,,,,,,,,,,,,,,,,,,,
9199,variation,"3868-honey pattern 5",رنگ,"عسلی طرح 5",,1,,,,,,,,,,,,,,,,,,,,,,,default,,,,,,,,,,,,,,,,,,,,,,,,,,,,
9200,variation,"3868-honey pattern 6",رنگ,"عسلی طرح 6",,1,,,,,,,,,,,,,,,,,,,,,,,default,,,,,,,,,,,,,,,,,,,,,,,,,,,,
9201,variation,"3868-honey pattern 7",رنگ,"عسلی طرح 7",,1,,,,,,,,,,,,,,,,,,,,,,,default,,,,,,,,,,,,,,,,,,,,,,,,,,,,
13179,variation,"3868-honey - design 1",رنگ,"عسلی طرح 1",,1,,,,,,,,,,,,,,,,,,,,,1,,default,,,,,,,,,,,,,,,,,,,,,,,,,,,,
13180,variation,"3868-honey pattern 13",رنگ,"عسلی طرح 13",,1,,,,,,,,,,,,,,,,,,,,,1,,default,,,,,,,,,,,,,,,,,,,,,,,,,,,,
8165,variation,"3871-black gucci - hot stamped",رنگ,"مشکی گوچی داغی",,1,,,,,,,,,,,,,,,,,,,,,,,default,,,,,,,,,,,,,,,,,,,,,,,,,,,,
8166,variation,"3871-brown gucci - small logo",رنگ,"قهوه ای گوچی ریز",,1,,,,,,,,,,,,,,,,,,,,,,,default,,,,,,,,,,,,,,,,,,,,,,,,,,,,
8167,variation,"3871-black louis vuitton - large logo",رنگ,"مشکی لویی ویتون درشت",,1,,,,,,,,,,,,,,,,,,,,,,,default,,,,,,,,,,,,,,,,,,,,,,,,,,,,
8170,variation,3871-black,رنگ,مشکی,,1,,,,,,,,,,,,,,,,,,,,,,,default,,,,,,,,,,,,,,,,,,,,,,,,,,,,
8172,variation,"3871-white dior",رنگ,"سفید دیور",,1,,,,,,,,,,,,,,,,,,,,,,,default,,,,,,,,,,,,,,,,,,,,,,,,,,,,
8175,variation,"3871-black michael kors - small logo",رنگ,"مشکی MK ریز",,1,,,,,,,,,,,,,,,,,,,,,,,default,,,,,,,,,,,,,,,,,,,,,,,,,,,,
8176,variation,"3871-stone black",رنگ,"مشکی سنگی",,1,,,,,,,,,,,,,,,,,,,,,,,default,,,,,,,,,,,,,,,,,,,,,,,,,,,,
8177,variation,"3871-black checkered",رنگ,"مشکی چهارخونه",,1,,,,,,,,,,,,,,,,,,,,,,,default,,,,,,,,,,,,,,,,,,,,,,,,,,,,
8178,variation,"3871-brown checkered",رنگ,"قهوه ای چهارخونه",,1,,,,,,,,,,,,,,,,,,,,,,,default,,,,,,,,,,,,,,,,,,,,,,,,,,,,
8180,variation,"3871-black louis vuitton - small logo",رنگ,"مشکی LV ریز",,1,,,,,,,,,,,,,,,,,,,,,,,default,,,,,,,,,,,,,,,,,,,,,,,,,,,,
9202,variation,"3871-white patterned",رنگ,"سفید طرح دار",,1,,,,,,,,,,,,,,,,,,,,,,,default,,,,,,,,,,,,,,,,,,,,,,,,,,,,
9203,variation,"3871-gold leopard",رنگ,"طلائی پلنگی",,1,,,,,,,,,,,,,,,,,,,,,,,default,,,,,,,,,,,,,,,,,,,,,,,,,,,,
9204,variation,"3871-dark gray gucci small",رنگ,"طوسی تیره گوچی ریز",,1,,,,,,,,,,,,,,,,,,,,,,,default,,,,,,,,,,,,,,,,,,,,,,,,,,,,
9205,variation,"3871-brown patterned",رنگ,"قهوه ای طرح دار",,1,,,,,,,,,,,,,,,,,,,,,,,default,,,,,,,,,,,,,,,,,,,,,,,,,,,,
9206,variation,"3871-black lv large",رنگ,"مشکی LV درشت",,1,,,,,,,,,,,,,,,,,,,,,,,default,,,,,,,,,,,,,,,,,,,,,,,,,,,,
9207,variation,"3871-black patterned",رنگ,"مشکی طرح دار",,1,,,,,,,,,,,,,,,,,,,,,,,default,,,,,,,,,,,,,,,,,,,,,,,,,,,,
8190,variation,"4547-black lizard pattern",رنگ,"مشکی لیزارد",,1,,,,,,,,,,,,,,,,,,,,,,,default,,,,,,,,,,,,,,,,,,,,,,,,,,,,
8182,variation,"4547-brown louis vuitton - large logo",رنگ,"قهوه ای LV درشت",,1,,,,,,,,,,,,,,,,,,,,,,,default,,,,,,,,,,,,,,,,,,,,,,,,,,,,
8185,variation,"4547-white dior",رنگ,"سفید دیور",,1,,,,,,,,,,,,,,,,,,,,,,,default,,,,,,,,,,,,,,,,,,,,,,,,,,,,
8187,variation,"4547-cream checkered",رنگ,"کرم چهارخونه",,1,,,,,,,,,,,,,,,,,,,,,,,default,,,,,,,,,,,,,,,,,,,,,,,,,,,,
8188,variation,"4547-white michael kors - small logo",رنگ,"سفید MK ریز",,1,,,,,,,,,,,,,,,,,,,,,,,default,,,,,,,,,,,,,,,,,,,,,,,,,,,,
8189,variation,"4547-black givenchy",رنگ,"مشکی جیوانچی",,1,,,,,,,,,,,,,,,,,,,,,,,default,,,,,,,,,,,,,,,,,,,,,,,,,,,,
8191,variation,"4547-black louis vuitton - hot stamped",رنگ,"مشکی لویی ویتون داغی",,1,,,,,,,,,,,,,,,,,,,,,,,default,,,,,,,,,,,,,,,,,,,,,,,,,,,,
8193,variation,"4547-stone black",رنگ,"مشکی سنگی",,1,,,,,,,,,,,,,,,,,,,,,,,default,,,,,,,,,,,,,,,,,,,,,,,,,,,,
9237,variation,"4547-light gray hemp",رنگ,"طوسی روشن کنفی",,1,,,,,,,,,,,,,,,,,,,,,,,default,,,,,,,,,,,,,,,,,,,,,,,,,,,,
9238,variation,"4547-honey fendi",رنگ,"عسلی فندی",,1,,,,,,,,,,,,,,,,,,,,,,,default,,,,,,,,,,,,,,,,,,,,,,,,,,,,
9239,variation,"4547-light cream hemp",رنگ,"کرم روشن کنفی",,1,,,,,,,,,,,,,,,,,,,,,,,default,,,,,,,,,,,,,,,,,,,,,,,,,,,,
8195,variation,"4590-light gray",رنگ,"طوسی روشن",,1,,,,,,,,,,,,,,,,,,,,,,,default,,,,,,,,,,,,,,,,,,,,,,,,,,,,
8196,variation,4590-pink,رنگ,صورتی,,1,,,,,,,,,,,,,,,,,,,,,,,default,,,,,,,,,,,,,,,,,,,,,,,,,,,,
8197,variation,4590-burgundy,رنگ,زرشکی,,1,,,,,,,,,,,,,,,,,,,,,,,default,,,,,,,,,,,,,,,,,,,,,,,,,,,,
8199,variation,"4590-navy blue",رنگ,"سرمه ای",,1,,,,,,,,,,,,,,,,,,,,,,,default,,,,,,,,,,,,,,,,,,,,,,,,,,,,
8200,variation,4590-orange,رنگ,نارنجی,,1,,,,,,,,,,,,,,,,,,,,,,,default,,,,,,,,,,,,,,,,,,,,,,,,,,,,
8201,variation,4590-black,رنگ,مشکی,,1,,,,,,,,,,,,,,,,,,,,,,,default,,,,,,,,,,,,,,,,,,,,,,,,,,,,
8202,variation,4590-yellow,رنگ,زرد,,1,,,,,,,,,,,,,,,,,,,,,,,default,,,,,,,,,,,,,,,,,,,,,,,,,,,,
8203,variation,4590-brown,رنگ,"قهوه ای",,1,,,,,,,,,,,,,,,,,,,,,,,default,,,,,,,,,,,,,,,,,,,,,,,,,,,,
8204,variation,4590-coffee,رنگ,"نسکافه ای",,1,,,,,,,,,,,,,,,,,,,,,,,default,,,,,,,,,,,,,,,,,,,,,,,,,,,,
8210,variation,"4634-black shrink pattern",رنگ,"مشکی شرانگ",,1,,,,,,,,,,,,,,,,,,,,,,,default,,,,,,,,,,,,,,,,,,,,,,,,,,,,
9240,variation,"4634-burgundy shrang",رنگ,"زرشکی شرانگ",,1,,,,,,,,,,,,,,,,,,,,,,,default,,,,,,,,,,,,,,,,,,,,,,,,,,,,
9241,variation,"4634-honey shrang",رنگ,"عسلی شرانگ",,1,,,,,,,,,,,,,,,,,,,,,,,default,,,,,,,,,,,,,,,,,,,,,,,,,,,,
9242,variation,"4634-nescafe shrang",رنگ,"نسکافه ای شرانگ",,1,,,,,,,,,,,,,,,,,,,,,,,default,,,,,,,,,,,,,,,,,,,,,,,,,,,,
9243,variation,"4634-lilac shrang",رنگ,"یاسی شرانگ",,1,,,,,,,,,,,,,,,,,,,,,,,default,,,,,,,,,,,,,,,,,,,,,,,,,,,,
8214,variation,"4646-white dior",رنگ,"سفید دیور",,1,,,,,,,,,,,,,,,,,,,,,,,default,,,,,,,,,,,,,,,,,,,,,,,,,,,,
8217,variation,"4646-cream checkered",رنگ,"کرم چهارخونه",,1,,,,,,,,,,,,,,,,,,,,,,,default,,,,,,,,,,,,,,,,,,,,,,,,,,,,
8218,variation,"4646-brown jute",رنگ,"قهوه ای کنفی",,1,,,,,,,,,,,,,,,,,,,,,,,default,,,,,,,,,,,,,,,,,,,,,,,,,,,,
8220,variation,"4646-black givenchy",رنگ,"مشکی جیوانچی",,1,,,,,,,,,,,,,,,,,,,,,,,default,,,,,,,,,,,,,,,,,,,,,,,,,,,,
8223,variation,"4646-brown louis vuitton - small logo",رنگ,"قهوه ای LV ریز",,1,,,,,,,,,,,,,,,,,,,,,,,default,,,,,,,,,,,,,,,,,,,,,,,,,,,,
9244,variation,"4646-light gray hemp",رنگ,"طوسی روشن کنفی",,1,,,,,,,,,,,,,,,,,,,,,,,default,,,,,,,,,,,,,,,,,,,,,,,,,,,,
9245,variation,"4646-honey fendi",رنگ,"عسلی فندی",,1,,,,,,,,,,,,,,,,,,,,,,,default,,,,,,,,,,,,,,,,,,,,,,,,,,,,
9246,variation,"4646-cream piazi",رنگ,"کرم پیچازی",,1,,,,,,,,,,,,,,,,,,,,,,,default,,,,,,,,,,,,,,,,,,,,,,,,,,,,
8219,variation,"4646-white camouflage",رنگ,"سفید پیچازی",,1,,,,,,,,,,,,,,,,,,,,,,,default,,,,,,,,,,,,,,,,,,,,,,,,,,,,
8221,variation,"4646-white michael kors - small logo",رنگ,"سفید MK ریز",,1,,,,,,,,,,,,,,,,,,,,,,,default,,,,,,,,,,,,,,,,,,,,,,,,,,,,
8227,variation,"4650-black jute",رنگ,"مشکی کنفی",,1,,,,,,,,,,,,,,,,,,,,,,,default,,,,,,,,,,,,,,,,,,,,,,,,,,,,
9247,variation,"4650-dark gray hemp",رنگ,"طوسی تیره کنفی",,1,,,,,,,,,,,,,,,,,,,,,,,default,,,,,,,,,,,,,,,,,,,,,,,,,,,,
9248,variation,"4650-caramel hemp",رنگ,"کاراملی کنفی",,1,,,,,,,,,,,,,,,,,,,,,,,default,,,,,,,,,,,,,,,,,,,,,,,,,,,,
8230,variation,"4658-white jute",رنگ,"سفید کنفی",,1,,,,,,,,,,,,,,,,,,,,,,,default,,,,,,,,,,,,,,,,,,,,,,,,,,,,
8232,variation,"4658-black jute",رنگ,"مشکی کنفی",,1,,,,,,,,,,,,,,,,,,,,,,,default,,,,,,,,,,,,,,,,,,,,,,,,,,,,
9249,variation,"4658-green hemp",رنگ,"سبز کنفی",,1,,,,,,,,,,,,,,,,,,,,,,,default,,,,,,,,,,,,,,,,,,,,,,,,,,,,
9250,variation,"4658-light gray hemp",رنگ,"طوسی روشن کنفی",,1,,,,,,,,,,,,,,,,,,,,,,,default,,,,,,,,,,,,,,,,,,,,,,,,,,,,
8236,variation,"4659-coffee jute",رنگ,"نسکافه ای کنفی",,1,,,,,,,,,,,,,,,,,,,,,,,default,,,,,,,,,,,,,,,,,,,,,,,,,,,,
9252,variation,"4659-light cream hemp",رنگ,"کرم روشن کنفی",,1,,,,,,,,,,,,,,,,,,,,,,,default,,,,,,,,,,,,,,,,,,,,,,,,,,,,
9251,variation,"4659-light gray hemp",رنگ,"طوسی روشن کنفی",,1,,,,,,,,,,,,,,,,,,,,,,,default,,,,,,,,,,,,,,,,,,,,,,,,,,,,
8239,variation,"4666-black jute",رنگ,"مشکی کنفی",,1,,,,,,,,,,,,,,,,,,,,,,,default,,,,,,,,,,,,,,,,,,,,,,,,,,,,
8241,variation,"4666-coffee jute",رنگ,"نسکافه ای کنفی",,1,,,,,,,,,,,,,,,,,,,,,,,default,,,,,,,,,,,,,,,,,,,,,,,,,,,,
9253,variation,"4666-light gray hemp",رنگ,"طوسی روشن کنفی",,1,,,,,,,,,,,,,,,,,,,,,,,default,,,,,,,,,,,,,,,,,,,,,,,,,,,,
9254,variation,"4666-light cream hemp",رنگ,"کرم روشن کنفی",,1,,,,,,,,,,,,,,,,,,,,,,,default,,,,,,,,,,,,,,,,,,,,,,,,,,,,
8243,variation,"4668-light gray - design 7",رنگ,"طوسی روشن طرح 7",,1,,,,,,,,,,,,,,,,,,,,,,,default,,,,,,,,,,,,,,,,,,,,,,,,,,,,
8246,variation,"4668-coffee - design 4",رنگ,"نسکافه ای طرح 4",,1,,,,,,,,,,,,,,,,,,,,,,,default,,,,,,,,,,,,,,,,,,,,,,,,,,,,
8247,variation,"4668-coffee - design 1",رنگ,"نسکافه ای طرح 1",,1,,,,,,,,,,,,,,,,,,,,,,,default,,,,,,,,,,,,,,,,,,,,,,,,,,,,
8248,variation,"4668-coffee - design 2",رنگ,"نسکافه ای طرح 2",,1,,,,,,,,,,,,,,,,,,,,,,,default,,,,,,,,,,,,,,,,,,,,,,,,,,,,
8249,variation,"4668-light gray - design 9",رنگ,"طوسی روشن طرح 9",,1,,,,,,,,,,,,,,,,,,,,,,,default,,,,,,,,,,,,,,,,,,,,,,,,,,,,
8250,variation,"4668-coffee - design 3",رنگ,"نسکافه ای طرح 3",,1,,,,,,,,,,,,,,,,,,,,,,,default,,,,,,,,,,,,,,,,,,,,,,,,,,,,
8251,variation,"4668-coffee - design 6",رنگ,"نسکافه ای طرح 6",,1,,,,,,,,,,,,,,,,,,,,,,,default,,,,,,,,,,,,,,,,,,,,,,,,,,,,
9255,variation,"4668-light gray pattern 8",رنگ,"طوسی روشن طرح 8",,1,,,,,,,,,,,,,,,,,,,,,,,default,,,,,,,,,,,,,,,,,,,,,,,,,,,,
9256,variation,"4668-nescafe pattern 10",رنگ,"نسکافه ای طرح 10",,1,,,,,,,,,,,,,,,,,,,,,,,default,,,,,,,,,,,,,,,,,,,,,,,,,,,,
9257,variation,"4668-nescafe pattern 5",رنگ,"نسکافه ای طرح 5",,1,,,,,,,,,,,,,,,,,,,,,,,default,,,,,,,,,,,,,,,,,,,,,,,,,,,,
8253,variation,4669-black,رنگ,مشکی,,1,,,,,,,,,,,,,,,,,,,,,,,default,,,,,,,,,,,,,,,,,,,,,,,,,,,,
8254,variation,4669-white,رنگ,سفید,,1,,,,,,,,,,,,,,,,,,,,,,,default,,,,,,,,,,,,,,,,,,,,,,,,,,,,
8256,variation,"4670-black & coffee",رنگ,"مشکی نسکافه ای",,1,,,,,,,,,,,,,,,,,,,,,,,default,,,,,,,,,,,,,,,,,,,,,,,,,,,,
8257,variation,"4670-light cream",رنگ,"کرم روشن",,1,,,,,,,,,,,,,,,,,,,,,,,default,,,,,,,,,,,,,,,,,,,,,,,,,,,,
8260,variation,"4670-brown jute",رنگ,"قهوه ای کنفی",,1,,,,,,,,,,,,,,,,,,,,,,,default,,,,,,,,,,,,,,,,,,,,,,,,,,,,
8261,variation,"4670-coffee jute",رنگ,"نسکافه ای کنفی",,1,,,,,,,,,,,,,,,,,,,,,,,default,,,,,,,,,,,,,,,,,,,,,,,,,,,,
9258,variation,"4670-dark gray hemp",رنگ,"طوسی تیره کنفی",,1,,,,,,,,,,,,,,,,,,,,,,,default,,,,,,,,,,,,,,,,,,,,,,,,,,,,
9259,variation,"4670-light gray hemp",رنگ,"طوسی روشن کنفی",,1,,,,,,,,,,,,,,,,,,,,,,,default,,,,,,,,,,,,,,,,,,,,,,,,,,,,
8265,variation,"4672-fabric black",رنگ,"مشکی پارچه ای",,1,,,,,,,,,,,,,,,,,,,,,,,default,,,,,,,,,,,,,,,,,,,,,,,,,,,,
9260,variation,"4672-brown barbery",رنگ,"قهوه ای Barbery",,1,,,,,,,,,,,,,,,,,,,,,,,default,,,,,,,,,,,,,,,,,,,,,,,,,,,,
9261,variation,"4672-caramel barbery",رنگ,"کاراملی Barbery",,1,,,,,,,,,,,,,,,,,,,,,,,default,,,,,,,,,,,,,,,,,,,,,,,,,,,,
9262,variation,"4672-cream barbery",رنگ,"کرم Barbery",,1,,,,,,,,,,,,,,,,,,,,,,,default,,,,,,,,,,,,,,,,,,,,,,,,,,,,
9263,variation,"4674-caramel barbery",رنگ,"کاراملی Barbery",,1,,,,,,,,,,,,,,,,,,,,,,,default,,,,,,,,,,,,,,,,,,,,,,,,,,,,
9264,variation,"4674-cream barbery",رنگ,"کرم Barbery",,1,,,,,,,,,,,,,,,,,,,,,,,default,,,,,,,,,,,,,,,,,,,,,,,,,,,,
8276,variation,"4686-fabric black",رنگ,"مشکی پارچه ای",,1,,,,,,,,,,,,,,,,,,,,,,,default,,,,,,,,,,,,,,,,,,,,,,,,,,,,
9265,variation,"4686-navy fabric",رنگ,"سرمه ای پارچه ای",,1,,,,,,,,,,,,,,,,,,,,,,,default,,,,,,,,,,,,,,,,,,,,,,,,,,,,
9266,variation,"4688-navy fabric",رنگ,"سرمه ای پارچه ای",,1,,,,,,,,,,,,,,,,,,,,,,,default,,,,,,,,,,,,,,,,,,,,,,,,,,,,
9267,variation,"4688-fabric black",رنگ,"مشکی پارچه ای",,1,,,,,,,,,,,,,,,,,,,,,,,default,,,,,,,,,,,,,,,,,,,,,,,,,,,,
8294,variation,"4702-black michael kors - small logo",رنگ,"مشکی MK ریز",,1,,,,,,,,,,,,,,,,,,,,,,,default,,,,,,,,,,,,,,,,,,,,,,,,,,,,
8295,variation,"4702-cream louis vuitton - large logo",رنگ,"کرم LV درشت",,1,,,,,,,,,,,,,,,,,,,,,,,default,,,,,,,,,,,,,,,,,,,,,,,,,,,,
8296,variation,"4702-cream checkered",رنگ,"کرم چهارخونه",,1,,,,,,,,,,,,,,,,,,,,,,,default,,,,,,,,,,,,,,,,,,,,,,,,,,,,
8297,variation,"4702-white louis vuitton - small logo",رنگ,"سفید LV ریز",,1,,,,,,,,,,,,,,,,,,,,,,,default,,,,,,,,,,,,,,,,,,,,,,,,,,,,
8298,variation,"4702-white michael kors - small logo",رنگ,"سفید MK ریز",,1,,,,,,,,,,,,,,,,,,,,,,,default,,,,,,,,,,,,,,,,,,,,,,,,,,,,
8299,variation,"4702-black michael kors - large logo",رنگ,"مشکی MK درشت",,1,,,,,,,,,,,,,,,,,,,,,,,default,,,,,,,,,,,,,,,,,,,,,,,,,,,,
8300,variation,"4702-cream dior",رنگ,"کرم دیور",,1,,,,,,,,,,,,,,,,,,,,,,,default,,,,,,,,,,,,,,,,,,,,,,,,,,,,
8304,variation,"4708-light gray",رنگ,"طوسی روشن",,1,,,,,,,,,,,,,,,,,,,,,,,default,,,,,,,,,,,,,,,,,,,,,,,,,,,,
8306,variation,4708-honey,رنگ,عسلی,,1,,,,,,,,,,,,,,,,,,,,,,,default,,,,,,,,,,,,,,,,,,,,,,,,,,,,
8307,variation,4708-pink,رنگ,صورتی,,1,,,,,,,,,,,,,,,,,,,,,,,default,,,,,,,,,,,,,,,,,,,,,,,,,,,,
8308,variation,"4708-light cream",رنگ,"کرم روشن",,1,,,,,,,,,,,,,,,,,,,,,,,default,,,,,,,,,,,,,,,,,,,,,,,,,,,,
8309,variation,4708-black,رنگ,مشکی,,1,,,,,,,,,,,,,,,,,,,,,,,default,,,,,,,,,,,,,,,,,,,,,,,,,,,,
8310,variation,4708-white,رنگ,سفید,,1,,,,,,,,,,,,,,,,,,,,,,,default,,,,,,,,,,,,,,,,,,,,,,,,,,,,
13185,variation,4708-brown,رنگ,"قهوه ای",,1,,,,,,,,,,,,,,,,,,,,,1,,default,,,,,,,,,,,,,,,,,,,,,,,,,,,,
13186,variation,4708-coffee,رنگ,"نسکافه ای",,1,,,,,,,,,,,,,,,,,,,,,1,,default,,,,,,,,,,,,,,,,,,,,,,,,,,,,
8305,variation,4708-blue,رنگ,آبی,,1,,,,,,,,,,,,,,,,,,,,,,,default,,,,,,,,,,,,,,,,,,,,,,,,,,,,
8311,variation,4708-burgundy,رنگ,زرشکی,,1,,,,,,,,,,,,,,,,,,,,,,,default,,,,,,,,,,,,,,,,,,,,,,,,,,,,
13183,variation,"4708-pistachio green",رنگ,"سبز مغز پسته ای",,1,,,,,,,,,,,,,,,,,,,,,1,,default,,,,,,,,,,,,,,,,,,,,,,,,,,,,
13184,variation,"4708-navy blue",رنگ,"سرمه ای",,1,,,,,,,,,,,,,,,,,,,,,1,,default,,,,,,,,,,,,,,,,,,,,,,,,,,,,
8313,variation,4709-honey,رنگ,عسلی,,1,,,,,,,,,,,,,,,,,,,,,,,default,,,,,,,,,,,,,,,,,,,,,,,,,,,,
8314,variation,"4709-light cream",رنگ,"کرم روشن",,1,,,,,,,,,,,,,,,,,,,,,,,default,,,,,,,,,,,,,,,,,,,,,,,,,,,,
8315,variation,4709-black,رنگ,مشکی,,1,,,,,,,,,,,,,,,,,,,,,,,default,,,,,,,,,,,,,,,,,,,,,,,,,,,,
8316,variation,4709-coffee,رنگ,"نسکافه ای",,1,,,,,,,,,,,,,,,,,,,,,,,default,,,,,,,,,,,,,,,,,,,,,,,,,,,,
13187,variation,4709-cream,رنگ,کرم,,1,,,,,,,,,,,,,,,,,,,,,1,,default,,,,,,,,,,,,,,,,,,,,,,,,,,,,
8318,variation,4710-cream,رنگ,کرم,,1,,,,,,,,,,,,,,,,,,,,,,,default,,,,,,,,,,,,,,,,,,,,,,,,,,,,
8323,variation,4710-black,رنگ,مشکی,,1,,,,,,,,,,,,,,,,,,,,,,,default,,,,,,,,,,,,,,,,,,,,,,,,,,,,
8325,variation,4710-coffee,رنگ,"نسکافه ای",,1,,,,,,,,,,,,,,,,,,,,,,,default,,,,,,,,,,,,,,,,,,,,,,,,,,,,
13189,variation,"4710-black shrink pattern",رنگ,"مشکی شرانگ",,1,,,,,,,,,,,,,,,,,,,,,1,,default,,,,,,,,,,,,,,,,,,,,,,,,,,,,
8319,variation,"4710-light gray",رنگ,"طوسی روشن",,1,,,,,,,,,,,,,,,,,,,,,,,default,,,,,,,,,,,,,,,,,,,,,,,,,,,,
8320,variation,"4710-sage green",رنگ,"سبز سدری",,1,,,,,,,,,,,,,,,,,,,,,,,default,,,,,,,,,,,,,,,,,,,,,,,,,,,,
8321,variation,"4710-dark gray",رنگ,"طوسی تیره",,1,,,,,,,,,,,,,,,,,,,,,,,default,,,,,,,,,,,,,,,,,,,,,,,,,,,,
8322,variation,4710-honey,رنگ,عسلی,,1,,,,,,,,,,,,,,,,,,,,,,,default,,,,,,,,,,,,,,,,,,,,,,,,,,,,
8324,variation,4710-brown,رنگ,"قهوه ای",,1,,,,,,,,,,,,,,,,,,,,,,,default,,,,,,,,,,,,,,,,,,,,,,,,,,,,
11660,variation,"4711-mustard yellow dragon",رنگ,"زرد خردلی دراگون",,1,,,,,,,,,,,,,,,,,,,,,,,default,,,,,,,,,,,,,,,,,,,,,,,,,,,,
11661,variation,"4711-green dragon",رنگ,"سبز دراگون",,1,,,,,,,,,,,,,,,,,,,,,,,default,,,,,,,,,,,,,,,,,,,,,,,,,,,,
11662,variation,"4711-cedar green dragon",رنگ,"سبز سدری دراگون",,1,,,,,,,,,,,,,,,,,,,,,,,default,,,,,,,,,,,,,,,,,,,,,,,,,,,,
11663,variation,"4711-crimson dragon",رنگ,"سرخابی دراگون",,1,,,,,,,,,,,,,,,,,,,,,,,default,,,,,,,,,,,,,,,,,,,,,,,,,,,,
11664,variation,"4711-white dragon",رنگ,"سفید دراگون",,1,,,,,,,,,,,,,,,,,,,,,,,default,,,,,,,,,,,,,,,,,,,,,,,,,,,,
11665,variation,"4711-light gray dragon",رنگ,"طوسی روشن دراگون",,1,,,,,,,,,,,,,,,,,,,,,,,default,,,,,,,,,,,,,,,,,,,,,,,,,,,,
11666,variation,"4711-honey dragon",رنگ,"عسلی دراگون",,1,,,,,,,,,,,,,,,,,,,,,,,default,,,,,,,,,,,,,,,,,,,,,,,,,,,,
11667,variation,"4711-cream dragon",رنگ,"کرم دراگون",,1,,,,,,,,,,,,,,,,,,,,,,,default,,,,,,,,,,,,,,,,,,,,,,,,,,,,
11668,variation,"4711-black dragon pattern",رنگ,"مشکی دراگون",,1,,,,,,,,,,,,,,,,,,,,,,,default,,,,,,,,,,,,,,,,,,,,,,,,,,,,
11669,variation,"4711-orange dragon",رنگ,"نارنجی دراگون",,1,,,,,,,,,,,,,,,,,,,,,,,default,,,,,,,,,,,,,,,,,,,,,,,,,,,,
11670,variation,"4711-nescafe dragon",رنگ,"نسکافه ای دراگون",,1,,,,,,,,,,,,,,,,,,,,,,,default,,,,,,,,,,,,,,,,,,,,,,,,,,,,
11671,variation,"4711-lilac dragon",رنگ,"یاسی دراگون",,1,,,,,,,,,,,,,,,,,,,,,,,default,,,,,,,,,,,,,,,,,,,,,,,,,,,,
11657,variation,,رنگ,"آبی دراگون",,1,,,,,,,,,,,,,,,,,,,,,,,default,,,,,,,,,,,,,,,,,,,,,,,,,,,,
11658,variation,"4711-carbon blue dragon",رنگ,"آبی کاربنی دراگون",,1,,,,,,,,,,,,,,,,,,,,,,,default,,,,,,,,,,,,,,,,,,,,,,,,,,,,
11659,variation,"4711-purple dragon",رنگ,"بنفش دراگون",,1,,,,,,,,,,,,,,,,,,,,,,,default,,,,,,,,,,,,,,,,,,,,,,,,,,,,
11656,variation,"4711-blue dragon",رنگ,"آبی دراگون",,1,,,,,,,,,,,,,,,,,,,,,1,,default,,,,,,,,,,,,,,,,,,,,,,,,,,,,
11655,variation,"4711-blue dragon",رنگ,"آبی دراگون",,1,,,,,,,,,,,,,,,,,,,,,1,,default,,,,,,,,,,,,,,,,,,,,,,,,,,,,
8345,variation,4722-honey,رنگ,عسلی,,1,,,,,,,,,,,,,,,,,,,,,,,default,,,,,,,,,,,,,,,,,,,,,,,,,,,,
8346,variation,"4722-dark gray",رنگ,"طوسی تیره",,1,,,,,,,,,,,,,,,,,,,,,,,default,,,,,,,,,,,,,,,,,,,,,,,,,,,,
8348,variation,"4722-pistachio green",رنگ,"سبز مغز پسته ای",,1,,,,,,,,,,,,,,,,,,,,,,,default,,,,,,,,,,,,,,,,,,,,,,,,,,,,
8349,variation,"4722-navy blue",رنگ,"سرمه ای",,1,,,,,,,,,,,,,,,,,,,,,,,default,,,,,,,,,,,,,,,,,,,,,,,,,,,,
9293,variation,4722-black,رنگ,مشکی,,1,,,,,,,,,,,,,,,,,,,,,,,default,,,,,,,,,,,,,,,,,,,,,,,,,,,,
9294,variation,4722-coffee,رنگ,"نسکافه ای",,1,,,,,,,,,,,,,,,,,,,,,,,default,,,,,,,,,,,,,,,,,,,,,,,,,,,,
8352,variation,4723-cream,رنگ,کرم,,1,,,,,,,,,,,,,,,,,,,,,,,default,,,,,,,,,,,,,,,,,,,,,,,,,,,,
8354,variation,4723-black,رنگ,مشکی,,1,,,,,,,,,,,,,,,,,,,,,,,default,,,,,,,,,,,,,,,,,,,,,,,,,,,,
8358,variation,4723-white,رنگ,سفید,,1,,,,,,,,,,,,,,,,,,,,,,,default,,,,,,,,,,,,,,,,,,,,,,,,,,,,
9295,variation,4723-caramel,رنگ,کاراملی,,1,,,,,,,,,,,,,,,,,,,,,,,default,,,,,,,,,,,,,,,,,,,,,,,,,,,,
13190,variation,4723-fuchsia,رنگ,سرخابی,,1,,,,,,,,,,,,,,,,,,,,,1,,default,,,,,,,,,,,,,,,,,,,,,,,,,,,,
13191,variation,4723-brown,رنگ,"قهوه ای",,1,,,,,,,,,,,,,,,,,,,,,1,,default,,,,,,,,,,,,,,,,,,,,,,,,,,,,
13192,variation,4723-coffee,رنگ,"نسکافه ای",,1,,,,,,,,,,,,,,,,,,,,,1,,default,,,,,,,,,,,,,,,,,,,,,,,,,,,,
8360,variation,"4724-black - design 3",رنگ,"مشکی طرح 3",,1,,,,,,,,,,,,,,,,,,,,,,,default,,,,,,,,,,,,,,,,,,,,,,,,,,,,
8361,variation,"4724-black - design 1",رنگ,"مشکی طرح 1",,1,,,,,,,,,,,,,,,,,,,,,,,default,,,,,,,,,,,,,,,,,,,,,,,,,,,,
8362,variation,"4724-black - design 2",رنگ,"مشکی طرح 2",,1,,,,,,,,,,,,,,,,,,,,,,,default,,,,,,,,,,,,,,,,,,,,,,,,,,,,
8363,variation,"4724-black - design 4",رنگ,"مشکی طرح 4",,1,,,,,,,,,,,,,,,,,,,,,,,default,,,,,,,,,,,,,,,,,,,,,,,,,,,,
8364,variation,"4724-black louis vuitton - hot stamped",رنگ,"مشکی لویی ویتون داغی",,1,,,,,,,,,,,,,,,,,,,,,,,default,,,,,,,,,,,,,,,,,,,,,,,,,,,,
8369,variation,"4727-black checkered",رنگ,"مشکی چهارخونه",,1,,,,,,,,,,,,,,,,,,,,,,,default,,,,,,,,,,,,,,,,,,,,,,,,,,,,
9306,variation,"4727-light gray gucci small",رنگ,"طوسی روشن گوچی ریز",,1,,,,,,,,,,,,,,,,,,,,,,,default,,,,,,,,,,,,,,,,,,,,,,,,,,,,
8375,variation,4729-black,رنگ,مشکی,,1,,,,,,,,,,,,,,,,,,,,,,,default,,,,,,,,,,,,,,,,,,,,,,,,,,,,
8373,variation,4729-cream,رنگ,کرم,,1,,,,,,,,,,,,,,,,,,,,,,,default,,,,,,,,,,,,,,,,,,,,,,,,,,,,
8374,variation,"4729-navy blue",رنگ,"سرمه ای",,1,,,,,,,,,,,,,,,,,,,,,,,default,,,,,,,,,,,,,,,,,,,,,,,,,,,,
8376,variation,4729-brown,رنگ,"قهوه ای",,1,,,,,,,,,,,,,,,,,,,,,,,default,,,,,,,,,,,,,,,,,,,,,,,,,,,,
8377,variation,4729-caramel,رنگ,کاراملی,,1,,,,,,,,,,,,,,,,,,,,,,,default,,,,,,,,,,,,,,,,,,,,,,,,,,,,
8379,variation,"4730-navy blue",رنگ,"سرمه ای",,1,,,,,,,,,,,,,,,,,,,,,,,default,,,,,,,,,,,,,,,,,,,,,,,,,,,,
8380,variation,4730-coffee,رنگ,"نسکافه ای",,1,,,,,,,,,,,,,,,,,,,,,,,default,,,,,,,,,,,,,,,,,,,,,,,,,,,,
9209,variation,3885-red,رنگ,قرمز,,1,,,,,,,,,,,,,,,,,,,,,,,default,,,,,,,,,,,,,,,,,,,,,,,,,,,,
9210,variation,3885-brown,رنگ,"قهوه ای",,1,,,,,,,,,,,,,,,,,,,,,,,default,,,,,,,,,,,,,,,,,,,,,,,,,,,,
9211,variation,3885-black,رنگ,مشکی,,1,,,,,,,,,,,,,,,,,,,,,,,default,,,,,,,,,,,,,,,,,,,,,,,,,,,,
9213,variation,"3886-dark gray",رنگ,"طوسی تیره",,1,,,,,,,,,,,,,,,,,,,,,,,default,,,,,,,,,,,,,,,,,,,,,,,,,,,,
9214,variation,3886-honey,رنگ,عسلی,,1,,,,,,,,,,,,,,,,,,,,,,,default,,,,,,,,,,,,,,,,,,,,,,,,,,,,
9215,variation,3886-brown,رنگ,"قهوه ای",,1,,,,,,,,,,,,,,,,,,,,,,,default,,,,,,,,,,,,,,,,,,,,,,,,,,,,
9216,variation,3886-black,رنگ,مشکی,,1,,,,,,,,,,,,,,,,,,,,,,,default,,,,,,,,,,,,,,,,,,,,,,,,,,,,
9218,variation,3887-honey,رنگ,عسلی,,1,,,,,,,,,,,,,,,,,,,,,,,default,,,,,,,,,,,,,,,,,,,,,,,,,,,,
9219,variation,3887-brown,رنگ,"قهوه ای",,1,,,,,,,,,,,,,,,,,,,,,,,default,,,,,,,,,,,,,,,,,,,,,,,,,,,,
9220,variation,3887-light-brown,رنگ,"قهوه ای روشن",,1,,,,,,,,,,,,,,,,,,,,,,,default,,,,,,,,,,,,,,,,,,,,,,,,,,,,
9221,variation,3887-black,رنگ,مشکی,,1,,,,,,,,,,,,,,,,,,,,,,,default,,,,,,,,,,,,,,,,,,,,,,,,,,,,
9229,variation,"4369-cream coach",رنگ,"کرم Coach",,1,,,,,,,,,,,,,,,,,,,,,,,default,,,,,,,,,,,,,,,,,,,,,,,,,,,,
9231,variation,"4369-cream piazi",رنگ,"کرم پیچازی",,1,,,,,,,,,,,,,,,,,,,,,,,default,,,,,,,,,,,,,,,,,,,,,,,,,,,,
9232,variation,"4369-cream gucci - small logo",رنگ,"کرم گوچی ریز",,1,,,,,,,,,,,,,,,,,,,,,,,default,,,,,,,,,,,,,,,,,,,,,,,,,,,,
9233,variation,"4369-black michael kors - large logo",رنگ,"مشکی MK درشت",,1,,,,,,,,,,,,,,,,,,,,,,,default,,,,,,,,,,,,,,,,,,,,,,,,,,,,
9234,variation,"4369-black givenchy",رنگ,"مشکی جیوانچی",,1,,,,,,,,,,,,,,,,,,,,,,,default,,,,,,,,,,,,,,,,,,,,,,,,,,,,
9235,variation,"4369-black dior",رنگ,"مشکی دیور",,1,,,,,,,,,,,,,,,,,,,,,,,default,,,,,,,,,,,,,,,,,,,,,,,,,,,,
9236,variation,"4369-stone black",رنگ,"مشکی سنگی",,1,,,,,,,,,,,,,,,,,,,,,,,default,,,,,,,,,,,,,,,,,,,,,,,,,,,,
9223,variation,"4369-white michael kors - large logo",رنگ,"سفید MK درشت",,1,,,,,,,,,,,,,,,,,,,,,,,default,,,,,,,,,,,,,,,,,,,,,,,,,,,,
9224,variation,"4369-white michael kors - small logo",رنگ,"سفید MK ریز",,1,,,,,,,,,,,,,,,,,,,,,,,default,,,,,,,,,,,,,,,,,,,,,,,,,,,,
9225,variation,"4369-dark gray hemp",رنگ,"طوسی تیره کنفی",,1,,,,,,,,,,,,,,,,,,,,,,,default,,,,,,,,,,,,,,,,,,,,,,,,,,,,
9226,variation,"4369-light gray hemp",رنگ,"طوسی روشن کنفی",,1,,,,,,,,,,,,,,,,,,,,,,,default,,,,,,,,,,,,,,,,,,,,,,,,,,,,
9227,variation,"4369-brown louis vuitton",رنگ,"قهوه ای LV",,1,,,,,,,,,,,,,,,,,,,,,,,default,,,,,,,,,,,,,,,,,,,,,,,,,,,,
9228,variation,"4369-brown fendi",رنگ,"قهوه ای فندی",,1,,,,,,,,,,,,,,,,,,,,,,,default,,,,,,,,,,,,,,,,,,,,,,,,,,,,
9285,variation,4712-brown,رنگ,"قهوه ای",,1,,,,,,,,,,,,,,,,,,,,,,,default,,,,,,,,,,,,,,,,,,,,,,,,,,,,
9286,variation,4712-cream,رنگ,کرم,,1,,,,,,,,,,,,,,,,,,,,,,,default,,,,,,,,,,,,,,,,,,,,,,,,,,,,
9287,variation,4712-black,رنگ,مشکی,,1,,,,,,,,,,,,,,,,,,,,,,,default,,,,,,,,,,,,,,,,,,,,,,,,,,,,
9288,variation,4712-coffee,رنگ,"نسکافه ای",,1,,,,,,,,,,,,,,,,,,,,,,,default,,,,,,,,,,,,,,,,,,,,,,,,,,,,
11546,variation,,رنگ,مشکی,,1,,,,,,,,,,,,,,,,,,,,,,,default,,,,,,,,,,,,,,,,,,,,,,,,,,,,
9297,variation,"4725-black - design 11",رنگ,"مشکی طرح 11",,1,,,,,,,,,,,,,,,,,,,,,,,default,,,,,,,,,,,,,,,,,,,,,,,,,,,,
9298,variation,"4725-black - design 2",رنگ,"مشکی طرح 2",,1,,,,,,,,,,,,,,,,,,,,,,,default,,,,,,,,,,,,,,,,,,,,,,,,,,,,
9299,variation,"4725-black - design 3",رنگ,"مشکی طرح 3",,1,,,,,,,,,,,,,,,,,,,,,,,default,,,,,,,,,,,,,,,,,,,,,,,,,,,,
9300,variation,"4725-black - design 6",رنگ,"مشکی طرح 6",,1,,,,,,,,,,,,,,,,,,,,,,,default,,,,,,,,,,,,,,,,,,,,,,,,,,,,
9301,variation,"4725-black - design 7",رنگ,"مشکی طرح 7",,1,,,,,,,,,,,,,,,,,,,,,,,default,,,,,,,,,,,,,,,,,,,,,,,,,,,,
9302,variation,"4725-black - design 8",رنگ,"مشکی طرح 8",,1,,,,,,,,,,,,,,,,,,,,,,,default,,,,,,,,,,,,,,,,,,,,,,,,,,,,
9303,variation,"4725-black - design 9",رنگ,"مشکی طرح 9",,1,,,,,,,,,,,,,,,,,,,,,,,default,,,,,,,,,,,,,,,,,,,,,,,,,,,,
9311,variation,"4732-brown louis vuitton - small logo",رنگ,"قهوه ای لویی ویتون ریز",,1,,,,,,,,,,,,,,,,,,,,,,,default,,,,,,,,,,,,,,,,,,,,,,,,,,,,
9312,variation,"4732-cream checkered",رنگ,"کرم چهارخونه",,1,,,,,,,,,,,,,,,,,,,,,,,default,,,,,,,,,,,,,,,,,,,,,,,,,,,,
9313,variation,"4732-black lizard pattern",رنگ,"مشکی لیزارد",,1,,,,,,,,,,,,,,,,,,,,,,,default,,,,,,,,,,,,,,,,,,,,,,,,,,,,
13193,variation,"4732-cream coach",رنگ,"کرم Coach",,1,,,,,,,,,,,,,,,,,,,,,1,,default,,,,,,,,,,,,,,,,,,,,,,,,,,,,
9322,variation,"4734-cream shrang",رنگ,"کرم شرانگ",,1,,,,,,,,,,,,,,,,,,,,,,,default,,,,,,,,,,,,,,,,,,,,,,,,,,,,
13196,variation,"4734-nescafe shrang",رنگ,"نسکافه ای شرانگ",,1,,,,,,,,,,,,,,,,,,,,,1,,default,,,,,,,,,,,,,,,,,,,,,,,,,,,,
9321,variation,"4734-light gray shrang",رنگ,"طوسی روشن شرانگ",,1,,,,,,,,,,,,,,,,,,,,,,,default,,,,,,,,,,,,,,,,,,,,,,,,,,,,
9323,variation,"4734-black shrink pattern",رنگ,"مشکی شرانگ",,1,,,,,,,,,,,,,,,,,,,,,,,default,,,,,,,,,,,,,,,,,,,,,,,,,,,,
9328,variation,"4736-black - design 1",رنگ,"مشکی طرح 1",,1,,,,,,,,,,,,,,,,,,,,,,,default,,,,,,,,,,,,,,,,,,,,,,,,,,,,
9329,variation,"4736-black - design 2",رنگ,"مشکی طرح 2",,1,,,,,,,,,,,,,,,,,,,,,,,default,,,,,,,,,,,,,,,,,,,,,,,,,,,,
9330,variation,"4736-black - design 3",رنگ,"مشکی طرح 3",,1,,,,,,,,,,,,,,,,,,,,,,,default,,,,,,,,,,,,,,,,,,,,,,,,,,,,
9333,variation,"4737-black - design 1",رنگ,"مشکی طرح 1",,1,,,,,,,,,,,,,,,,,,,,,,,default,,,,,,,,,,,,,,,,,,,,,,,,,,,,
9334,variation,"4737-black - design 2",رنگ,"مشکی طرح 2",,1,,,,,,,,,,,,,,,,,,,,,,,default,,,,,,,,,,,,,,,,,,,,,,,,,,,,
9335,variation,"4737-black lizard pattern",رنگ,"مشکی لیزارد",,1,,,,,,,,,,,,,,,,,,,,,,,default,,,,,,,,,,,,,,,,,,,,,,,,,,,,
9337,variation,"4739-brown shrang",رنگ,"قهوه ای شرانگ",,1,,,,,,,,,,,,,,,,,,,,,,,default,,,,,,,,,,,,,,,,,,,,,,,,,,,,
9338,variation,"4739-cream shrang",رنگ,"کرم شرانگ",,1,,,,,,,,,,,,,,,,,,,,,,,default,,,,,,,,,,,,,,,,,,,,,,,,,,,,
9339,variation,"4739-black shrink pattern",رنگ,"مشکی شرانگ",,1,,,,,,,,,,,,,,,,,,,,,,,default,,,,,,,,,,,,,,,,,,,,,,,,,,,,
9340,variation,"4739-nescafe shrang",رنگ,"نسکافه ای شرانگ",,1,,,,,,,,,,,,,,,,,,,,,,,default,,,,,,,,,,,,,,,,,,,,,,,,,,,,
9343,variation,4740-honey,رنگ,عسلی,,1,,,,,,,,,,,,,,,,,,,,,,,default,,,,,,,,,,,,,,,,,,,,,,,,,,,,
9344,variation,4740-cream,رنگ,کرم,,1,,,,,,,,,,,,,,,,,,,,,,,default,,,,,,,,,,,,,,,,,,,,,,,,,,,,
9345,variation,4740-black,رنگ,مشکی,,1,,,,,,,,,,,,,,,,,,,,,,,default,,,,,,,,,,,,,,,,,,,,,,,,,,,,
9342,variation,4740-white,رنگ,سفید,,1,,,,,,,,,,,,,,,,,,,,,,,default,,,,,,,,,,,,,,,,,,,,,,,,,,,,
9347,variation,"4741-brown coach",رنگ,"قهوه ای Coach",,1,,,,,,,,,,,,,,,,,,,,,,,default,,,,,,,,,,,,,,,,,,,,,,,,,,,,
9348,variation,"4741-brown louis vuitton - small logo",رنگ,"قهوه ای لویی ویتون ریز",,1,,,,,,,,,,,,,,,,,,,,,,,default,,,,,,,,,,,,,,,,,,,,,,,,,,,,
9349,variation,"4741-cream checkered",رنگ,"کرم چهارخونه",,1,,,,,,,,,,,,,,,,,,,,,,,default,,,,,,,,,,,,,,,,,,,,,,,,,,,,
9350,variation,"4741-cream dior",رنگ,"کرم دیور",,1,,,,,,,,,,,,,,,,,,,,,,,default,,,,,,,,,,,,,,,,,,,,,,,,,,,,
9351,variation,"4741-cream hemp",رنگ,"کرم کنفی",,1,,,,,,,,,,,,,,,,,,,,,,,default,,,,,,,,,,,,,,,,,,,,,,,,,,,,
9352,variation,"4741-black shrink pattern",رنگ,"مشکی شرانگ",,1,,,,,,,,,,,,,,,,,,,,,,,default,,,,,,,,,,,,,,,,,,,,,,,,,,,,
9353,variation,"4741-black lizard pattern",رنگ,"مشکی لیزارد",,1,,,,,,,,,,,,,,,,,,,,,,,default,,,,,,,,,,,,,,,,,,,,,,,,,,,,
9355,variation,"4742-navy blue",رنگ,"سرمه ای",,1,,,,,,,,,,,,,,,,,,,,,,,default,,,,,,,,,,,,,,,,,,,,,,,,,,,,
9356,variation,4742-white,رنگ,سفید,,1,,,,,,,,,,,,,,,,,,,,,,,default,,,,,,,,,,,,,,,,,,,,,,,,,,,,
9357,variation,4742-caramel,رنگ,کاراملی,,1,,,,,,,,,,,,,,,,,,,,,,,default,,,,,,,,,,,,,,,,,,,,,,,,,,,,
9358,variation,4742-cream,رنگ,کرم,,1,,,,,,,,,,,,,,,,,,,,,,,default,,,,,,,,,,,,,,,,,,,,,,,,,,,,
9359,variation,4742-black,رنگ,مشکی,,1,,,,,,,,,,,,,,,,,,,,,,,default,,,,,,,,,,,,,,,,,,,,,,,,,,,,
9360,variation,4742-coffee,رنگ,"نسکافه ای",,1,,,,,,,,,,,,,,,,,,,,,,,default,,,,,,,,,,,,,,,,,,,,,,,,,,,,
9474,variation,"5720-navy shrang",رنگ,"سرمه ای شرانگ",,1,,,,,,,,,,,,,,,,,,,,,,,default,,,,,,,,,,,,,,,,,,,,,,,,,,,,
9475,variation,"5720-brown shrang",رنگ,"قهوه ای شرانگ",,1,,,,,,,,,,,,,,,,,,,,,,,default,,,,,,,,,,,,,,,,,,,,,,,,,,,,
9476,variation,"5720-cream shrang",رنگ,"کرم شرانگ",,1,,,,,,,,,,,,,,,,,,,,,,,default,,,,,,,,,,,,,,,,,,,,,,,,,,,,
9477,variation,"5720-black shrink pattern",رنگ,"مشکی شرانگ",,1,,,,,,,,,,,,,,,,,,,,,,,default,,,,,,,,,,,,,,,,,,,,,,,,,,,,
9478,variation,"5720-nescafe shrang",رنگ,"نسکافه ای شرانگ",,1,,,,,,,,,,,,,,,,,,,,,,,default,,,,,,,,,,,,,,,,,,,,,,,,,,,,
13206,variation,4738-brown,رنگ,"قهوه ای",,1,,,,,,,,,,,,,,,,,,,,,1,,default,,,,,,,,,,,,,,,,,,,,,,,,,,,,
13207,variation,4738-coffee,رنگ,"نسکافه ای",,1,,,,,,,,,,,,,,,,,,,,,1,,default,,,,,,,,,,,,,,,,,,,,,,,,,,,,
13215,variation,"5649-purple dragon",رنگ,"بنفش دراگون",,1,,,,,,,,,,,,,,,,,,,,,1,,default,,,,,,,,,,,,,,,,,,,,,,,,,,,,
13216,variation,"5649-mustard yellow dragon",رنگ,"زرد خردلی دراگون",,1,,,,,,,,,,,,,,,,,,,,,1,,default,,,,,,,,,,,,,,,,,,,,,,,,,,,,
13217,variation,"5649-pistachio green dragon",رنگ,"سبز مغز پسته ای دراگون",,1,,,,,,,,,,,,,,,,,,,,,1,,default,,,,,,,,,,,,,,,,,,,,,,,,,,,,
