Term ID,Term Permalink,Term Name,Term Slug,Description,Parent ID,Parent Name,Parent Slug,Count,Image URL,Image Title,Image Caption,Image Description,Image Alt Text,Image Featured,Image Filename,Image Path,Image ID,order,product_pa_color-selector
3457,https://luxbaz.com/?taxonomy=pa_color-selector&term=%d8%b3%d9%81%db%8c%d8%af,سفید,%d8%b3%d9%81%db%8c%d8%af,,0,,,20,,,,,,,,,,0,#ededed
3459,https://luxbaz.com/?taxonomy=pa_color-selector&term=%d8%b3%d8%b1%d9%85%d9%87-%d8%a7%db%8c%db%8c,سرمه ایی,%d8%b3%d8%b1%d9%85%d9%87-%d8%a7%db%8c%db%8c,,0,,,0,,,,,,,,,,0,#0b3193
3460,https://luxbaz.com/?taxonomy=pa_color-selector&term=%d8%a7%d8%b3%d8%aa%db%8c%d9%84,استیل,%d8%a7%d8%b3%d8%aa%db%8c%d9%84,,0,,,0,,,,,,,,,,0,#bdbdbc
3461,https://luxbaz.com/?taxonomy=pa_color-selector&term=%d9%82%d8%b1%d9%85%d8%b2,قرمز,%d9%82%d8%b1%d9%85%d8%b2,,0,,,11,,,,,,,,,,0,#f41e1e
3462,https://luxbaz.com/?taxonomy=pa_color-selector&term=%d8%a8%d9%86%d9%81%d8%b4,بنفش,%d8%a8%d9%86%d9%81%d8%b4,,0,,,9,,,,,,,,,,0,#5947da
3463,https://luxbaz.com/?taxonomy=pa_color-selector&term=%d9%86%d9%82%d8%b1%d9%87-%d8%a7%db%8c,نقره ای,%d9%86%d9%82%d8%b1%d9%87-%d8%a7%db%8c,,0,,,1,,,,,,,,,,0,#e0921e
3464,https://luxbaz.com/?taxonomy=pa_color-selector&term=%d8%a8%d8%b1%d9%86%d8%b2,برنز,%d8%a8%d8%b1%d9%86%d8%b2,,0,,,0,,,,,,,,,,0,#ba740b
3465,https://luxbaz.com/?taxonomy=pa_color-selector&term=%d9%86%d8%a7%d8%b1%d9%86%d8%ac%db%8c,نارنجی,%d9%86%d8%a7%d8%b1%d9%86%d8%ac%db%8c,,0,,,6,,,,,,,,,,0,#f67912
3466,https://luxbaz.com/?taxonomy=pa_color-selector&term=%d8%b7%d9%84%d8%a7%db%8c%db%8c,طلایی,%d8%b7%d9%84%d8%a7%db%8c%db%8c,,0,,,0,,,,,,,,,,0,#f7a468
3467,https://luxbaz.com/?taxonomy=pa_color-selector&term=%d8%a2%d8%a8%db%8c,آبی,%d8%a2%d8%a8%db%8c,,0,,,14,,,,,,,,,,0,#1a6ff9
3468,https://luxbaz.com/?taxonomy=pa_color-selector&term=%d8%b3%d8%a8%d8%b2,سبز,%d8%b3%d8%a8%d8%b2,,0,,,20,,,,,,,,,,0,#1d9a34
3469,https://luxbaz.com/?taxonomy=pa_color-selector&term=%d9%82%d9%87%d9%88%d9%87-%d8%a7%db%8c,قهوه ای,%d9%82%d9%87%d9%88%d9%87-%d8%a7%db%8c,,0,,,38,,,,,,,,,,0,#8B4513
3470,https://luxbaz.com/?taxonomy=pa_color-selector&term=%d8%b7%d9%88%d8%b3%db%8c-%d8%b1%d9%88%d8%b4%d9%86,طوسی روشن,%d8%b7%d9%88%d8%b3%db%8c-%d8%b1%d9%88%d8%b4%d9%86,,0,,,29,,,,,,,,,,0,#C0C0C0
3471,https://luxbaz.com/?taxonomy=pa_color-selector&term=%d8%b9%d8%b3%d9%84%db%8c,عسلی,%d8%b9%d8%b3%d9%84%db%8c,,0,,,38,,,,,,,,,,0,#C68642
3472,https://luxbaz.com/?taxonomy=pa_color-selector&term=%da%a9%d8%b1%d9%85-%d8%b1%d9%88%d8%b4%d9%86,کرم روشن,%da%a9%d8%b1%d9%85-%d8%b1%d9%88%d8%b4%d9%86,,0,,,20,,,,,,,,,,0,#FFF8DC
3473,https://luxbaz.com/?taxonomy=pa_color-selector&term=%d8%b9%d8%b3%d9%84%db%8c-%d8%b7%d8%b1%d8%ad-9,عسلی طرح 9,%d8%b9%d8%b3%d9%84%db%8c-%d8%b7%d8%b1%d8%ad-9,,0,,,1,,,,,,,,,,0,#C68642
3474,https://luxbaz.com/?taxonomy=pa_color-selector&term=%d8%b9%d8%b3%d9%84%db%8c-%d8%b7%d8%b1%d8%ad-12,عسلی طرح 12,%d8%b9%d8%b3%d9%84%db%8c-%d8%b7%d8%b1%d8%ad-12,,0,,,1,,,,,,,,,,0,#C68642
3475,https://luxbaz.com/?taxonomy=pa_color-selector&term=%d8%b9%d8%b3%d9%84%db%8c-%d8%b7%d8%b1%d8%ad-8,عسلی طرح 8,%d8%b9%d8%b3%d9%84%db%8c-%d8%b7%d8%b1%d8%ad-8,,0,,,1,,,,,,,,,,0,#C68642
3476,https://luxbaz.com/?taxonomy=pa_color-selector&term=%d8%b9%d8%b3%d9%84%db%8c-%d8%b7%d8%b1%d8%ad-2,عسلی طرح 2,%d8%b9%d8%b3%d9%84%db%8c-%d8%b7%d8%b1%d8%ad-2,,0,,,1,,,,,,,,,,0,#C68642
3477,https://luxbaz.com/?taxonomy=pa_color-selector&term=%d8%b9%d8%b3%d9%84%db%8c-%d8%b7%d8%b1%d8%ad-14,عسلی طرح 14,%d8%b9%d8%b3%d9%84%db%8c-%d8%b7%d8%b1%d8%ad-14,,0,,,1,,,,,,,,,,0,#C68642
3478,https://luxbaz.com/?taxonomy=pa_color-selector&term=%d8%b9%d8%b3%d9%84%db%8c-%d8%b7%d8%b1%d8%ad-3,عسلی طرح 3,%d8%b9%d8%b3%d9%84%db%8c-%d8%b7%d8%b1%d8%ad-3,,0,,,1,,,,,,,,,,0,#C68642
3479,https://luxbaz.com/?taxonomy=pa_color-selector&term=%d8%b9%d8%b3%d9%84%db%8c-%d8%b7%d8%b1%d8%ad-1,عسلی طرح 1,%d8%b9%d8%b3%d9%84%db%8c-%d8%b7%d8%b1%d8%ad-1,,0,,,1,,,,,,,,,,0,#C68642
3480,https://luxbaz.com/?taxonomy=pa_color-selector&term=%d9%85%d8%b4%da%a9%db%8c-%da%af%d9%88%da%86%db%8c-%d8%af%d8%a7%d8%ba%db%8c,مشکی گوچی داغی,%d9%85%d8%b4%da%a9%db%8c-%da%af%d9%88%da%86%db%8c-%d8%af%d8%a7%d8%ba%db%8c,,0,,,1,,,,,,,,,,0,#000000
3481,https://luxbaz.com/?taxonomy=pa_color-selector&term=%d9%82%d9%87%d9%88%d9%87-%d8%a7%db%8c-%da%af%d9%88%da%86%db%8c-%d8%b1%db%8c%d8%b2,قهوه ای گوچی ریز,%d9%82%d9%87%d9%88%d9%87-%d8%a7%db%8c-%da%af%d9%88%da%86%db%8c-%d8%b1%db%8c%d8%b2,,0,,,2,,,,,,,,,,0,#8B4513
3482,https://luxbaz.com/?taxonomy=pa_color-selector&term=%d9%85%d8%b4%da%a9%db%8c-%d9%84%d9%88%db%8c%db%8c-%d9%88%db%8c%d8%aa%d9%88%d9%86-%d8%af%d8%b1%d8%b4%d8%aa,مشکی لویی ویتون درشت,%d9%85%d8%b4%da%a9%db%8c-%d9%84%d9%88%db%8c%db%8c-%d9%88%db%8c%d8%aa%d9%88%d9%86-%d8%af%d8%b1%d8%b4%d8%aa,,0,,,1,,,,,,,,,,0,#000000
3483,https://luxbaz.com/?taxonomy=pa_color-selector&term=%d9%85%d8%b4%da%a9%db%8c-%d8%b7%d8%b1%d8%ad-1,مشکی طرح 1,%d9%85%d8%b4%da%a9%db%8c-%d8%b7%d8%b1%d8%ad-1,,0,,,36,,,,,,,,,,0,#000000
3484,https://luxbaz.com/?taxonomy=pa_color-selector&term=%d8%b7%d9%84%d8%a7%d8%a6%db%8c,طلائی,%d8%b7%d9%84%d8%a7%d8%a6%db%8c,,0,,,2,,,,,,,,,,0,#FFD700
3485,https://luxbaz.com/?taxonomy=pa_color-selector&term=%d9%85%d8%b4%da%a9%db%8c-%d8%b4%d8%b1%d8%a7%d9%86%da%af,مشکی شرانگ,%d9%85%d8%b4%da%a9%db%8c-%d8%b4%d8%b1%d8%a7%d9%86%da%af,,0,,,14,,,,,,,,,,0,#000000
3486,https://luxbaz.com/?taxonomy=pa_color-selector&term=%d8%b3%d9%81%db%8c%d8%af-%d8%af%db%8c%d9%88%d8%b1,سفید دیور,%d8%b3%d9%81%db%8c%d8%af-%d8%af%db%8c%d9%88%d8%b1,,0,,,7,,,,,,,,,,0,#FFFFFF
3487,https://luxbaz.com/?taxonomy=pa_color-selector&term=%d8%b7%d9%88%d8%b3%db%8c-%d8%aa%db%8c%d8%b1%d9%87,طوسی تیره,%d8%b7%d9%88%d8%b3%db%8c-%d8%aa%db%8c%d8%b1%d9%87,,0,,,34,,,,,,,,,,0,#696969
3488,https://luxbaz.com/?taxonomy=pa_color-selector&term=%d9%85%d8%b4%da%a9%db%8c-mk-%d8%b1%db%8c%d8%b2,مشکی MK ریز,%d9%85%d8%b4%da%a9%db%8c-mk-%d8%b1%db%8c%d8%b2,,0,,,2,,,,,,,,,,0,#000000
3489,https://luxbaz.com/?taxonomy=pa_color-selector&term=%d9%85%d8%b4%da%a9%db%8c-%d8%b3%d9%86%da%af%db%8c,مشکی سنگی,%d9%85%d8%b4%da%a9%db%8c-%d8%b3%d9%86%da%af%db%8c,,0,,,7,,,,,,,,,,0,#000000
3490,https://luxbaz.com/?taxonomy=pa_color-selector&term=%d9%85%d8%b4%da%a9%db%8c-%da%86%d9%87%d8%a7%d8%b1%d8%ae%d9%88%d9%86%d9%87,مشکی چهارخونه,%d9%85%d8%b4%da%a9%db%8c-%da%86%d9%87%d8%a7%d8%b1%d8%ae%d9%88%d9%86%d9%87,,0,,,9,,,,,,,,,,0,#000000
3491,https://luxbaz.com/?taxonomy=pa_color-selector&term=%d9%82%d9%87%d9%88%d9%87-%d8%a7%db%8c-%da%86%d9%87%d8%a7%d8%b1%d8%ae%d9%88%d9%86%d9%87,قهوه ای چهارخونه,%d9%82%d9%87%d9%88%d9%87-%d8%a7%db%8c-%da%86%d9%87%d8%a7%d8%b1%d8%ae%d9%88%d9%86%d9%87,,0,,,7,,,,,,,,,,0,#8B4513
3492,https://luxbaz.com/?taxonomy=pa_color-selector&term=%d9%85%d8%b4%da%a9%db%8c-lv-%d8%b1%db%8c%d8%b2,مشکی LV ریز,%d9%85%d8%b4%da%a9%db%8c-lv-%d8%b1%db%8c%d8%b2,,0,,,2,,,,,,,,,,0,#000000
3493,https://luxbaz.com/?taxonomy=pa_color-selector&term=%d9%82%d9%87%d9%88%d9%87-%d8%a7%db%8c-lv-%d8%af%d8%b1%d8%b4%d8%aa,قهوه ای LV درشت,%d9%82%d9%87%d9%88%d9%87-%d8%a7%db%8c-lv-%d8%af%d8%b1%d8%b4%d8%aa,,0,,,2,,,,,,,,,,0,#8B4513
3494,https://luxbaz.com/?taxonomy=pa_color-selector&term=%da%a9%d8%b1%d9%85-%da%86%d9%87%d8%a7%d8%b1%d8%ae%d9%88%d9%86%d9%87,کرم چهارخونه,%da%a9%d8%b1%d9%85-%da%86%d9%87%d8%a7%d8%b1%d8%ae%d9%88%d9%86%d9%87,,0,,,9,,,,,,,,,,0,#FFFDD0
3495,https://luxbaz.com/?taxonomy=pa_color-selector&term=%d8%b3%d9%81%db%8c%d8%af-mk-%d8%b1%db%8c%d8%b2,سفید MK ریز,%d8%b3%d9%81%db%8c%d8%af-mk-%d8%b1%db%8c%d8%b2,,0,,,4,,,,,,,,,,0,#FFFFFF
3496,https://luxbaz.com/?taxonomy=pa_color-selector&term=%d9%85%d8%b4%da%a9%db%8c-%d8%ac%db%8c%d9%88%d8%a7%d9%86%da%86%db%8c,مشکی جیوانچی,%d9%85%d8%b4%da%a9%db%8c-%d8%ac%db%8c%d9%88%d8%a7%d9%86%da%86%db%8c,,0,,,5,,,,,,,,,,0,#000000
3497,https://luxbaz.com/?taxonomy=pa_color-selector&term=%d9%85%d8%b4%da%a9%db%8c-%d9%84%db%8c%d8%b2%d8%a7%d8%b1%d8%af,مشکی لیزارد,%d9%85%d8%b4%da%a9%db%8c-%d9%84%db%8c%d8%b2%d8%a7%d8%b1%d8%af,,0,,,9,,,,,,,,,,0,#000000
3498,https://luxbaz.com/?taxonomy=pa_color-selector&term=%d9%85%d8%b4%da%a9%db%8c-%d9%84%d9%88%db%8c%db%8c-%d9%88%db%8c%d8%aa%d9%88%d9%86-%d8%af%d8%a7%d8%ba%db%8c,مشکی لویی ویتون داغی,%d9%85%d8%b4%da%a9%db%8c-%d9%84%d9%88%db%8c%db%8c-%d9%88%db%8c%d8%aa%d9%88%d9%86-%d8%af%d8%a7%d8%ba%db%8c,,0,,,3,,,,,,,,,,0,#000000
3499,https://luxbaz.com/?taxonomy=pa_color-selector&term=%d8%b5%d9%88%d8%b1%d8%aa%db%8c,صورتی,%d8%b5%d9%88%d8%b1%d8%aa%db%8c,,0,,,12,https://luxbaz.com/wp-content/uploads/2023/03/In-Storycover-ساعت-عینک-1675593202.jpeg|https://luxbaz.com/wp-content/uploads/2023/03/In-Story-mob-ساعت-عینک-1675594554.jpeg,In-Storycover-ساعت-عینک-1675593202|In-Story-mob-ساعت-عینک-1675594554,|,|,|,,In-Storycover-ساعت-عینک-1675593202.jpeg|In-Story-mob-ساعت-عینک-1675594554.jpeg,/home/luxbazco/public_html/wp-content/uploads/2023/03/In-Storycover-ساعت-عینک-1675593202.jpeg|/home/luxbazco/public_html/wp-content/uploads/2023/03/In-Story-mob-ساعت-عینک-1675594554.jpeg,3500|3501,0,#FFC0CB
3500,https://luxbaz.com/?taxonomy=pa_color-selector&term=%d8%b2%d8%b1%d8%b4%da%a9%db%8c,زرشکی,%d8%b2%d8%b1%d8%b4%da%a9%db%8c,,0,,,11,,,,,,,,,,0,#8B0000
3501,https://luxbaz.com/?taxonomy=pa_color-selector&term=%d8%b3%d8%b1%d9%85%d9%87-%d8%a7%db%8c,سرمه ای,%d8%b3%d8%b1%d9%85%d9%87-%d8%a7%db%8c,,0,,,49,,,,,,,,,,0,#000080
3502,https://luxbaz.com/?taxonomy=pa_color-selector&term=%d8%b2%d8%b1%d8%af,زرد,%d8%b2%d8%b1%d8%af,,0,,,7,https://luxbaz.com/wp-content/uploads/2023/03/In-Story-cover-بوت-نیم-بوت-1675593275.jpeg|https://luxbaz.com/wp-content/uploads/2023/03/In-Story-mob-سویشرت-هودی-1675765050.jpeg|https://luxbaz.com/wp-content/uploads/2023/03/In-Story-mob-بوت-نیم-بوت-1675596943.jpeg,In-Story-cover-بوت-نیم-بوت-1675593275|In-Story-mob-سویشرت-هودی-1675765050|In-Story-mob-بوت-نیم-بوت-1675596943,||,||,||,,In-Story-cover-بوت-نیم-بوت-1675593275.jpeg|In-Story-mob-سویشرت-هودی-1675765050.jpeg|In-Story-mob-بوت-نیم-بوت-1675596943.jpeg,/home/luxbazco/public_html/wp-content/uploads/2023/03/In-Story-cover-بوت-نیم-بوت-1675593275.jpeg|/home/luxbazco/public_html/wp-content/uploads/2023/03/In-Story-mob-سویشرت-هودی-1675765050.jpeg|/home/luxbazco/public_html/wp-content/uploads/2023/03/In-Story-mob-بوت-نیم-بوت-1675596943.jpeg,3503|3505|3506,0,#FFFF00
3503,https://luxbaz.com/?taxonomy=pa_color-selector&term=%d9%86%d8%b3%da%a9%d8%a7%d9%81%d9%87-%d8%a7%db%8c,نسکافه ای,%d9%86%d8%b3%da%a9%d8%a7%d9%81%d9%87-%d8%a7%db%8c,,0,,,37,,,,,,,,,,0,#6F4E37
3504,https://luxbaz.com/?taxonomy=pa_color-selector&term=%d8%b3%d8%a8%d8%b2-%d8%a2%d8%a8%db%8c,سبز آبی,%d8%b3%d8%a8%d8%b2-%d8%a2%d8%a8%db%8c,,0,,,3,,,,,,,,,,0,#008B8B
3505,https://luxbaz.com/?taxonomy=pa_color-selector&term=%d8%b3%d8%a8%d8%b2-%d9%85%d8%ba%d8%b2-%d9%be%d8%b3%d8%aa%d9%87-%d8%a7%db%8c,سبز مغز پسته ای,%d8%b3%d8%a8%d8%b2-%d9%85%d8%ba%d8%b2-%d9%be%d8%b3%d8%aa%d9%87-%d8%a7%db%8c,,0,,,11,,,,,,,,,,0,#93C572
3506,https://luxbaz.com/?taxonomy=pa_color-selector&term=%db%8c%d8%a7%d8%b3%db%8c,یاسی,%db%8c%d8%a7%d8%b3%db%8c,,0,,,2,,,,,,,,,,0,#EE82EE
3507,https://luxbaz.com/?taxonomy=pa_color-selector&term=%d9%85%d8%b4%da%a9%db%8c-barbery,مشکی barbery,%d9%85%d8%b4%da%a9%db%8c-barbery,,0,,,4,https://luxbaz.com/wp-content/uploads/2023/03/In-Story.M.arayeshSoorat-1675588425-1.jpeg,In-Story.M.arayeshSoorat-1675588425 (1),,,,,In-Story.M.arayeshSoorat-1675588425-1.jpeg,/home/luxbazco/public_html/wp-content/uploads/2023/03/In-Story.M.arayeshSoorat-1675588425-1.jpeg,3509,0,#000000
3508,https://luxbaz.com/?taxonomy=pa_color-selector&term=%d9%82%d9%87%d9%88%d9%87-%d8%a7%db%8c-%da%a9%d9%86%d9%81%db%8c,قهوه ای کنفی,%d9%82%d9%87%d9%88%d9%87-%d8%a7%db%8c-%da%a9%d9%86%d9%81%db%8c,,0,,,2,,,,,,,,,,0,#8B4513
3509,https://luxbaz.com/?taxonomy=pa_color-selector&term=%d8%b3%d9%81%db%8c%d8%af-%d9%be%db%8c%da%86%d8%a7%d8%b2%db%8c,سفید پیچازی,%d8%b3%d9%81%db%8c%d8%af-%d9%be%db%8c%da%86%d8%a7%d8%b2%db%8c,,0,,,1,,,,,,,,,,0,#FFFFFF
3510,https://luxbaz.com/?taxonomy=pa_color-selector&term=%d9%82%d9%87%d9%88%d9%87-%d8%a7%db%8c-lv-%d8%b1%db%8c%d8%b2,قهوه ای LV ریز,%d9%82%d9%87%d9%88%d9%87-%d8%a7%db%8c-lv-%d8%b1%db%8c%d8%b2,,0,,,2,https://luxbaz.com/wp-content/uploads/2023/03/In-Story.cover_.mokameleDarooyi-1675168166-2.jpeg|https://luxbaz.com/wp-content/uploads/2023/03/In-Story.Mo_.decoration-1677322146.jpeg,In-Story.cover_.mokameleDarooyi-1675168166 (2)|In-Story.Mo.decoration-1677322146,|,|,|,,In-Story.cover_.mokameleDarooyi-1675168166-2.jpeg|In-Story.Mo_.decoration-1677322146.jpeg,/home/luxbazco/public_html/wp-content/uploads/2023/03/In-Story.cover_.mokameleDarooyi-1675168166-2.jpeg|/home/luxbazco/public_html/wp-content/uploads/2023/03/In-Story.Mo_.decoration-1677322146.jpeg,3511|3512,0,#8B4513
3511,https://luxbaz.com/?taxonomy=pa_color-selector&term=%da%a9%d8%a7%d8%b1%d8%a7%d9%85%d9%84%db%8c,کاراملی,%da%a9%d8%a7%d8%b1%d8%a7%d9%85%d9%84%db%8c,,0,,,20,,,,,,,,,,0,#C19A6B
3512,https://luxbaz.com/?taxonomy=pa_color-selector&term=%d9%85%d8%b4%da%a9%db%8c-%da%a9%d9%86%d9%81%db%8c,مشکی کنفی,%d9%85%d8%b4%da%a9%db%8c-%da%a9%d9%86%d9%81%db%8c,,0,,,3,,,,,,,,,,0,#000000
3513,https://luxbaz.com/?taxonomy=pa_color-selector&term=%d8%b3%d9%81%db%8c%d8%af-%da%a9%d9%86%d9%81%db%8c,سفید کنفی,%d8%b3%d9%81%db%8c%d8%af-%da%a9%d9%86%d9%81%db%8c,,0,,,1,https://luxbaz.com/wp-content/uploads/2023/03/In-Story.cover-organaizer-1675168621.jpeg|https://luxbaz.com/wp-content/uploads/2023/03/In-Story-m-1675688189.jpeg,In-Story.cover-organaizer-1675168621|In-Story-m-1675688189,|,|,|,,In-Story.cover-organaizer-1675168621.jpeg|In-Story-m-1675688189.jpeg,/home/luxbazco/public_html/wp-content/uploads/2023/03/In-Story.cover-organaizer-1675168621.jpeg|/home/luxbazco/public_html/wp-content/uploads/2023/03/In-Story-m-1675688189.jpeg,3514|3515,0,#FFFFFF
3514,https://luxbaz.com/?taxonomy=pa_color-selector&term=%d9%86%d8%b3%da%a9%d8%a7%d9%81%d9%87-%d8%a7%db%8c-%da%a9%d9%86%d9%81%db%8c,نسکافه ای کنفی,%d9%86%d8%b3%da%a9%d8%a7%d9%81%d9%87-%d8%a7%db%8c-%da%a9%d9%86%d9%81%db%8c,,0,,,3,,,,,,,,,,0,#6F4E37
3515,https://luxbaz.com/?taxonomy=pa_color-selector&term=%d8%b7%d9%88%d8%b3%db%8c-%d8%b1%d9%88%d8%b4%d9%86-%d8%b7%d8%b1%d8%ad-7,طوسی روشن طرح 7,%d8%b7%d9%88%d8%b3%db%8c-%d8%b1%d9%88%d8%b4%d9%86-%d8%b7%d8%b1%d8%ad-7,,0,,,1,,,,,,,,,,0,#C0C0C0
3516,https://luxbaz.com/?taxonomy=pa_color-selector&term=%d9%86%d8%b3%da%a9%d8%a7%d9%81%d9%87-%d8%a7%db%8c-%d8%b7%d8%b1%d8%ad-4,نسکافه ای طرح 4,%d9%86%d8%b3%da%a9%d8%a7%d9%81%d9%87-%d8%a7%db%8c-%d8%b7%d8%b1%d8%ad-4,,0,,,1,https://luxbaz.com/wp-content/uploads/2023/03/In-Story-cover-1675168309.jpeg|https://luxbaz.com/wp-content/uploads/2023/03/In-Story.Mob-1677588679.jpeg,In-Story-cover-1675168309|In-Story.Mob-1677588679,|,|,|,,In-Story-cover-1675168309.jpeg|In-Story.Mob-1677588679.jpeg,/home/luxbazco/public_html/wp-content/uploads/2023/03/In-Story-cover-1675168309.jpeg|/home/luxbazco/public_html/wp-content/uploads/2023/03/In-Story.Mob-1677588679.jpeg,3518|3519,0,#6F4E37
3517,https://luxbaz.com/?taxonomy=pa_color-selector&term=%d9%86%d8%b3%da%a9%d8%a7%d9%81%d9%87-%d8%a7%db%8c-%d8%b7%d8%b1%d8%ad-1,نسکافه ای طرح 1,%d9%86%d8%b3%da%a9%d8%a7%d9%81%d9%87-%d8%a7%db%8c-%d8%b7%d8%b1%d8%ad-1,,0,,,2,,,,,,,,,,0,#6F4E37
3518,https://luxbaz.com/?taxonomy=pa_color-selector&term=%d9%86%d8%b3%da%a9%d8%a7%d9%81%d9%87-%d8%a7%db%8c-%d8%b7%d8%b1%d8%ad-2,نسکافه ای طرح 2,%d9%86%d8%b3%da%a9%d8%a7%d9%81%d9%87-%d8%a7%db%8c-%d8%b7%d8%b1%d8%ad-2,,0,,,2,,,,,,,,,,0,#6F4E37
3519,https://luxbaz.com/?taxonomy=pa_color-selector&term=%d8%b7%d9%88%d8%b3%db%8c-%d8%b1%d9%88%d8%b4%d9%86-%d8%b7%d8%b1%d8%ad-9,طوسی روشن طرح 9,%d8%b7%d9%88%d8%b3%db%8c-%d8%b1%d9%88%d8%b4%d9%86-%d8%b7%d8%b1%d8%ad-9,,0,,,1,,,,,,,,,,0,#C0C0C0
3520,https://luxbaz.com/?taxonomy=pa_color-selector&term=%d9%86%d8%b3%da%a9%d8%a7%d9%81%d9%87-%d8%a7%db%8c-%d8%b7%d8%b1%d8%ad-3,نسکافه ای طرح 3,%d9%86%d8%b3%da%a9%d8%a7%d9%81%d9%87-%d8%a7%db%8c-%d8%b7%d8%b1%d8%ad-3,,0,,,1,,,,,,,,,,0,#6F4E37
3521,https://luxbaz.com/?taxonomy=pa_color-selector&term=%d9%86%d8%b3%da%a9%d8%a7%d9%81%d9%87-%d8%a7%db%8c-%d8%b7%d8%b1%d8%ad-6,نسکافه ای طرح 6,%d9%86%d8%b3%da%a9%d8%a7%d9%81%d9%87-%d8%a7%db%8c-%d8%b7%d8%b1%d8%ad-6,,0,,,1,,,,,,,,,,0,#6F4E37
3522,https://luxbaz.com/?taxonomy=pa_color-selector&term=%d9%85%d8%b4%da%a9%db%8c-%d9%86%d8%b3%da%a9%d8%a7%d9%81%d9%87-%d8%a7%db%8c,مشکی نسکافه ای,%d9%85%d8%b4%da%a9%db%8c-%d9%86%d8%b3%da%a9%d8%a7%d9%81%d9%87-%d8%a7%db%8c,,0,,,2,,,,,,,,,,0,#000000
3523,https://luxbaz.com/?taxonomy=pa_color-selector&term=%da%a9%d8%b1%d9%85,کرم,%da%a9%d8%b1%d9%85,,0,,,34,,,,,,,,,,0,#FFFDD0
3524,https://luxbaz.com/?taxonomy=pa_color-selector&term=%d9%85%d8%b4%da%a9%db%8c-%d9%be%d8%a7%d8%b1%da%86%d9%87-%d8%a7%db%8c,مشکی پارچه ای,%d9%85%d8%b4%da%a9%db%8c-%d9%be%d8%a7%d8%b1%da%86%d9%87-%d8%a7%db%8c,,0,,,3,,,,,,,,,,0,#000000
3525,https://luxbaz.com/?taxonomy=pa_color-selector&term=%d9%85%d8%b4%da%a9%db%8c-%d9%be%d9%88%d8%b3%d8%aa-%d9%85%d8%a7%d8%b1%db%8c,مشکی پوست ماری,%d9%85%d8%b4%da%a9%db%8c-%d9%be%d9%88%d8%b3%d8%aa-%d9%85%d8%a7%d8%b1%db%8c,,0,,,0,,,,,,,,,,0,#000000
3526,https://luxbaz.com/?taxonomy=pa_color-selector&term=%d9%82%d9%87%d9%88%d9%87-%d8%a7%db%8c-lv,قهوه ای LV,%d9%82%d9%87%d9%88%d9%87-%d8%a7%db%8c-lv,,0,,,1,,,,,,,,,,0,#8B4513
3527,https://luxbaz.com/?taxonomy=pa_color-selector&term=%da%a9%d8%b1%d9%85-lv-%d8%af%d8%b1%d8%b4%d8%aa,کرم LV درشت,%da%a9%d8%b1%d9%85-lv-%d8%af%d8%b1%d8%b4%d8%aa,,0,,,1,,,,,,,,,,0,#FFFDD0
3528,https://luxbaz.com/?taxonomy=pa_color-selector&term=%d8%b3%d9%81%db%8c%d8%af-lv-%d8%b1%db%8c%d8%b2,سفید LV ریز,%d8%b3%d9%81%db%8c%d8%af-lv-%d8%b1%db%8c%d8%b2,,0,,,2,,,,,,,,,,0,#FFFFFF
3529,https://luxbaz.com/?taxonomy=pa_color-selector&term=%d9%85%d8%b4%da%a9%db%8c-mk-%d8%af%d8%b1%d8%b4%d8%aa,مشکی MK درشت,%d9%85%d8%b4%da%a9%db%8c-mk-%d8%af%d8%b1%d8%b4%d8%aa,,0,,,5,,,,,,,,,,0,#000000
3530,https://luxbaz.com/?taxonomy=pa_color-selector&term=%da%a9%d8%b1%d9%85-%d8%af%db%8c%d9%88%d8%b1,کرم دیور,%da%a9%d8%b1%d9%85-%d8%af%db%8c%d9%88%d8%b1,,0,,,3,,,,,,,,,,0,#FFFDD0
3531,https://luxbaz.com/?taxonomy=pa_color-selector&term=%d9%85%d8%b4%da%a9%db%8c-%d8%b7%d8%b1%d8%ad-2,مشکی طرح 2,%d9%85%d8%b4%da%a9%db%8c-%d8%b7%d8%b1%d8%ad-2,,0,,,21,,,,,,,,,,0,#000000
3532,https://luxbaz.com/?taxonomy=pa_color-selector&term=%d8%b3%d8%a8%d8%b2-%d8%b3%d8%af%d8%b1%db%8c,سبز سدری,%d8%b3%d8%a8%d8%b2-%d8%b3%d8%af%d8%b1%db%8c,,0,,,4,,,,,,,,,,0,#2E8B57
3533,https://luxbaz.com/?taxonomy=pa_color-selector&term=%d8%b3%d8%b1%d8%ae%d8%a7%d8%a8%db%8c,سرخابی,%d8%b3%d8%b1%d8%ae%d8%a7%d8%a8%db%8c,,0,,,11,,,,,,,,,,0,#DC143C
3534,https://luxbaz.com/?taxonomy=pa_color-selector&term=%d8%b2%d8%b1%d8%af-%d8%ae%d8%b1%d8%af%d9%84%db%8c,زرد خردلی,%d8%b2%d8%b1%d8%af-%d8%ae%d8%b1%d8%af%d9%84%db%8c,,0,,,4,,,,,,,,,,0,#FFDB58
3535,https://luxbaz.com/?taxonomy=pa_color-selector&term=%d8%a2%d8%a8%db%8c-%da%a9%d8%a7%d8%b1%d8%a8%d9%86%db%8c,آبی کاربنی,%d8%a2%d8%a8%db%8c-%da%a9%d8%a7%d8%b1%d8%a8%d9%86%db%8c,,0,,,9,,,,,,,,,,0,#6082B6
3536,https://luxbaz.com/?taxonomy=pa_color-selector&term=%d9%85%d8%b4%da%a9%db%8c-%d8%af%d8%b1%d8%a7%da%af%d9%88%d9%86,مشکی دراگون,%d9%85%d8%b4%da%a9%db%8c-%d8%af%d8%b1%d8%a7%da%af%d9%88%d9%86,,0,,,1,,,,,,,,,,0,#000000
3537,https://luxbaz.com/?taxonomy=pa_color-selector&term=%d9%86%d8%b3%da%a9%d8%a7%d9%81%d9%87-%d8%a7%db%8c-%d9%86%d8%a7%d9%86%d8%b3%db%8c,نسکافه ای نانسی,%d9%86%d8%b3%da%a9%d8%a7%d9%81%d9%87-%d8%a7%db%8c-%d9%86%d8%a7%d9%86%d8%b3%db%8c,,0,,,4,,,,,,,,,,0,#6F4E37
3538,https://luxbaz.com/?taxonomy=pa_color-selector&term=%d9%85%d8%b4%da%a9%db%8c-%d9%86%d8%a7%d9%86%d8%b3%db%8c,مشکی نانسی,%d9%85%d8%b4%da%a9%db%8c-%d9%86%d8%a7%d9%86%d8%b3%db%8c,,0,,,6,,,,,,,,,,0,#000000
3539,https://luxbaz.com/?taxonomy=pa_color-selector&term=%d9%85%d8%b4%da%a9%db%8c-%d8%b7%d8%b1%d8%ad-3,مشکی طرح 3,%d9%85%d8%b4%da%a9%db%8c-%d8%b7%d8%b1%d8%ad-3,,0,,,9,https://luxbaz.com/wp-content/uploads/2023/03/In-Story.Cover_.arayeshSoorat-1675168184-1.jpeg,In-Story.Cover_.arayeshSoorat-1675168184 (1),,,,,In-Story.Cover_.arayeshSoorat-1675168184-1.jpeg,/home/luxbazco/public_html/wp-content/uploads/2023/03/In-Story.Cover_.arayeshSoorat-1675168184-1.jpeg,3540,0,#000000
3540,https://luxbaz.com/?taxonomy=pa_color-selector&term=%d9%85%d8%b4%da%a9%db%8c-%d8%b7%d8%b1%d8%ad-4,مشکی طرح 4,%d9%85%d8%b4%da%a9%db%8c-%d8%b7%d8%b1%d8%ad-4,,0,,,5,,,,,,,,,,0,#000000
3541,https://luxbaz.com/?taxonomy=pa_color-selector&term=%d9%86%d8%b3%da%a9%d8%a7%d9%81%d9%87-%d8%a7%db%8c-coach,نسکافه ای Coach,%d9%86%d8%b3%da%a9%d8%a7%d9%81%d9%87-%d8%a7%db%8c-coach,,0,,,4,,,,,,,,,,0,#6F4E37
3542,https://luxbaz.com/?taxonomy=pa_color-selector&term=%d8%b7%d9%84%d8%a7%d8%a6%db%8c-%d9%be%d9%88%d8%b3%d8%aa-%d9%85%d8%a7%d8%b1%db%8c,طلائی پوست ماری,%d8%b7%d9%84%d8%a7%d8%a6%db%8c-%d9%be%d9%88%d8%b3%d8%aa-%d9%85%d8%a7%d8%b1%db%8c,,0,,,1,https://luxbaz.com/wp-content/uploads/2023/03/In-Story-M1-1675761285.jpeg|https://luxbaz.com/wp-content/uploads/2023/03/In-Story.Cover-copy-1675866524.jpeg|https://luxbaz.com/wp-content/uploads/2023/03/In-Story.Cover_.decoration-1677325879.jpeg,In-Story-M(1)-1675761285|In-Story.Cover-copy-1675866524|In-Story.Cover.decoration-1677325879,||,||,||,,In-Story-M1-1675761285.jpeg|In-Story.Cover-copy-1675866524.jpeg|In-Story.Cover_.decoration-1677325879.jpeg,/home/luxbazco/public_html/wp-content/uploads/2023/03/In-Story-M1-1675761285.jpeg|/home/luxbazco/public_html/wp-content/uploads/2023/03/In-Story.Cover-copy-1675866524.jpeg|/home/luxbazco/public_html/wp-content/uploads/2023/03/In-Story.Cover_.decoration-1677325879.jpeg,3543|3544|3545,0,#FFD700
3543,https://luxbaz.com/?taxonomy=pa_color-selector&term=%d9%85%d8%b3%db%8c,مسی,%d9%85%d8%b3%db%8c,,0,,,1,,,,,,,,,,0,#B87333
3544,https://luxbaz.com/?taxonomy=pa_color-selector&term=%d9%85%d8%b4%da%a9%db%8c-%d8%b7%d8%b1%d8%ad-5,مشکی طرح 5,%d9%85%d8%b4%da%a9%db%8c-%d8%b7%d8%b1%d8%ad-5,,0,,,4,,,,,,,,,,0,#000000
3545,https://luxbaz.com/?taxonomy=pa_color-selector&term=%d9%85%d8%b4%da%a9%db%8c-%d8%b7%d8%b1%d8%ad-6,مشکی طرح 6,%d9%85%d8%b4%da%a9%db%8c-%d8%b7%d8%b1%d8%ad-6,,0,,,4,,,,,,,,,,0,#000000
3546,https://luxbaz.com/?taxonomy=pa_color-selector&term=%d9%85%d8%b4%da%a9%db%8c-%d8%b7%d8%b1%d8%ad-7,مشکی طرح 7,%d9%85%d8%b4%da%a9%db%8c-%d8%b7%d8%b1%d8%ad-7,,0,,,3,,,,,,,,,,0,#000000
3547,https://luxbaz.com/?taxonomy=pa_color-selector&term=%d9%85%d8%b4%da%a9%db%8c-%d8%b9%d8%b3%d9%84%db%8c,مشکی عسلی,%d9%85%d8%b4%da%a9%db%8c-%d8%b9%d8%b3%d9%84%db%8c,,0,,,1,,,,,,,,,,0,#000000
3548,https://luxbaz.com/?taxonomy=pa_color-selector&term=%d9%85%d8%b4%da%a9%db%8c-%da%86%d9%87%d8%a7%d8%b1%d8%ae%d9%88%d9%86%d9%87-%d8%af%d8%a7%d8%ba%db%8c,مشکی چهارخونه داغی,%d9%85%d8%b4%da%a9%db%8c-%da%86%d9%87%d8%a7%d8%b1%d8%ae%d9%88%d9%86%d9%87-%d8%af%d8%a7%d8%ba%db%8c,,0,,,1,,,,,,,,,,0,#000000
3549,https://luxbaz.com/?taxonomy=pa_color-selector&term=%d9%85%d8%b4%da%a9%db%8c-coach,مشکی Coach,%d9%85%d8%b4%da%a9%db%8c-coach,,0,,,1,,,,,,,,,,0,#000000
3550,https://luxbaz.com/?taxonomy=pa_color-selector&term=%d8%b3%d9%81%db%8c%d8%af-mk-%d8%af%d8%b1%d8%b4%d8%aa,سفید MK درشت,%d8%b3%d9%81%db%8c%d8%af-mk-%d8%af%d8%b1%d8%b4%d8%aa,,0,,,4,,,,,,,,,,0,#FFFFFF
3551,https://luxbaz.com/?taxonomy=pa_color-selector&term=%da%a9%d8%b1%d9%85-%da%af%d9%88%da%86%db%8c-%d8%b1%db%8c%d8%b2,کرم گوچی ریز,%da%a9%d8%b1%d9%85-%da%af%d9%88%da%86%db%8c-%d8%b1%db%8c%d8%b2,,0,,,4,,,,,,,,,,0,#FFFDD0
3552,https://luxbaz.com/?taxonomy=pa_color-selector&term=%d9%82%d9%87%d9%88%d9%87-%d8%a7%db%8c-%d9%84%d9%88%db%8c%db%8c-%d9%88%db%8c%d8%aa%d9%88%d9%86-%d8%b1%db%8c%d8%b2,قهوه ای لویی ویتون ریز,%d9%82%d9%87%d9%88%d9%87-%d8%a7%db%8c-%d9%84%d9%88%db%8c%db%8c-%d9%88%db%8c%d8%aa%d9%88%d9%86-%d8%b1%db%8c%d8%b2,,0,,,3,,,,,,,,,,0,#8B4513
3553,https://luxbaz.com/?taxonomy=pa_color-selector&term=%d8%b4%da%a9%d9%84%d8%a7%d8%aa%db%8c,شکلاتی,%d8%b4%da%a9%d9%84%d8%a7%d8%aa%db%8c,,0,,,0,,,,,,,,,,0,#7B3F00
3554,https://luxbaz.com/?taxonomy=pa_color-selector&term=%d9%82%d9%87%d9%88%d9%87-%d8%a7%db%8c-%d8%b1%d9%88%d8%b4%d9%86,قهوه ای روشن,%d9%82%d9%87%d9%88%d9%87-%d8%a7%db%8c-%d8%b1%d9%88%d8%b4%d9%86,,0,,,3,,,,,,,,,,0,#A0522D
3555,https://luxbaz.com/?taxonomy=pa_color-selector&term=%d9%82%d9%87%d9%88%d9%87-%d8%a7%db%8c-%d8%b7%d8%b1%d8%ad-1,قهوه ای طرح 1,%d9%82%d9%87%d9%88%d9%87-%d8%a7%db%8c-%d8%b7%d8%b1%d8%ad-1,,0,,,2,,,,,,,,,,0,#8B4513
3556,https://luxbaz.com/?taxonomy=pa_color-selector&term=%d9%82%d9%87%d9%88%d9%87-%d8%a7%db%8c-%d9%84%d9%88%db%8c%db%8c-%d9%88%db%8c%d8%aa%d9%88%d9%86-%d8%af%d8%b1%d8%b4%d8%aa,قهوه ای لویی ویتون درشت,%d9%82%d9%87%d9%88%d9%87-%d8%a7%db%8c-%d9%84%d9%88%db%8c%db%8c-%d9%88%db%8c%d8%aa%d9%88%d9%86-%d8%af%d8%b1%d8%b4%d8%aa,,0,,,2,,,,,,,,,,0,#8B4513
3557,https://luxbaz.com/?taxonomy=pa_color-selector&term=%d9%85%d8%b4%da%a9%db%8c-%d9%85%d8%b4%da%a9%db%8c,مشکی مشکی,%d9%85%d8%b4%da%a9%db%8c-%d9%85%d8%b4%da%a9%db%8c,,0,,,1,,,,,,,,,,0,#000000
3558,https://luxbaz.com/?taxonomy=pa_color-selector&term=%d9%87%d9%88%d9%84%d9%88%da%af%d8%b1%d8%a7%d9%85%db%8c-%d8%af%db%8c%d9%88%d8%b1,هولوگرامی دیور,%d9%87%d9%88%d9%84%d9%88%da%af%d8%b1%d8%a7%d9%85%db%8c-%d8%af%db%8c%d9%88%d8%b1,,0,,,1,,,,,,,,,,0,#C0C0C0
3559,https://luxbaz.com/?taxonomy=pa_color-selector&term=%d9%87%d9%88%d9%84%d9%88%da%af%d8%b1%d8%a7%d9%85%db%8c-%da%86%d9%87%d8%a7%d8%b1%d8%ae%d9%88%d9%86%d9%87,هولوگرامی چهارخونه,%d9%87%d9%88%d9%84%d9%88%da%af%d8%b1%d8%a7%d9%85%db%8c-%da%86%d9%87%d8%a7%d8%b1%d8%ae%d9%88%d9%86%d9%87,,0,,,1,,,,,,,,,,0,#C0C0C0
3560,https://luxbaz.com/?taxonomy=pa_color-selector&term=%d9%85%d8%b4%da%a9%db%8c-nike,مشکی NIKE,%d9%85%d8%b4%da%a9%db%8c-nike,,0,,,24,,,,,,,,,,0,#000000
3561,https://luxbaz.com/?taxonomy=pa_color-selector&term=%d9%85%d8%b4%da%a9%db%8c-just-do-it,مشکی Just do it,%d9%85%d8%b4%da%a9%db%8c-just-do-it,,0,,,2,,,,,,,,,,0,#000000
3562,https://luxbaz.com/?taxonomy=pa_color-selector&term=%d9%85%d8%b4%da%a9%db%8c-adidas,مشکی Adidas,%d9%85%d8%b4%da%a9%db%8c-adidas,,0,,,7,,,,,,,,,,0,#000000
3563,https://luxbaz.com/?taxonomy=pa_color-selector&term=%d8%b3%d8%b1%d9%85%d9%87-%d8%a7%db%8c-nike,سرمه ای NIKE,%d8%b3%d8%b1%d9%85%d9%87-%d8%a7%db%8c-nike,,0,,,3,,,,,,,,,,0,#000080
3564,https://luxbaz.com/?taxonomy=pa_color-selector&term=%d8%b7%d9%88%d8%b3%db%8c-%d8%aa%db%8c%d8%b1%d9%87-nike,طوسی تیره NIKE,%d8%b7%d9%88%d8%b3%db%8c-%d8%aa%db%8c%d8%b1%d9%87-nike,,0,,,2,,,,,,,,,,0,#696969
3565,https://luxbaz.com/?taxonomy=pa_color-selector&term=%d8%a2%d8%a8%db%8c-%d8%b7%d8%b1%d8%ad-2,آبی طرح 2,%d8%a2%d8%a8%db%8c-%d8%b7%d8%b1%d8%ad-2,,0,,,2,,,,,,,,,,0,#0000FF
3566,https://luxbaz.com/?taxonomy=pa_color-selector&term=%d8%a2%d8%a8%db%8c-%da%a9%d8%a7%d8%b1%d8%a8%d9%86%db%8c-%d8%b7%d8%b1%d8%ad-2,آبی کاربنی طرح 2,%d8%a2%d8%a8%db%8c-%da%a9%d8%a7%d8%b1%d8%a8%d9%86%db%8c-%d8%b7%d8%b1%d8%ad-2,,0,,,1,,,,,,,,,,0,#6082B6
3567,https://luxbaz.com/?taxonomy=pa_color-selector&term=%d9%86%d8%a7%d8%b1%d9%86%d8%ac%db%8c-%da%a9%d8%b1%d9%85,نارنجی کرم,%d9%86%d8%a7%d8%b1%d9%86%d8%ac%db%8c-%da%a9%d8%b1%d9%85,,0,,,1,,,,,,,,,,0,#FFA500
3568,https://luxbaz.com/?taxonomy=pa_color-selector&term=%d9%85%d8%b4%da%a9%db%8c-%d8%b7%d9%88%d8%b3%db%8c-%d8%b1%d9%88%d8%b4%d9%86,مشکی طوسی روشن,%d9%85%d8%b4%da%a9%db%8c-%d8%b7%d9%88%d8%b3%db%8c-%d8%b1%d9%88%d8%b4%d9%86,,0,,,2,,,,,,,,,,0,#000000
3569,https://luxbaz.com/?taxonomy=pa_color-selector&term=%d8%b3%d8%a8%d8%b2-%d8%b4%d8%b1%d8%a7%d9%86%da%af,سبز شرانگ,%d8%b3%d8%a8%d8%b2-%d8%b4%d8%b1%d8%a7%d9%86%da%af,,0,,,1,,,,,,,,,,0,#008000
3570,https://luxbaz.com/?taxonomy=pa_color-selector&term=%d9%85%d8%b4%da%a9%db%8c-%d8%b3%d8%a8%d8%b2,مشکی سبز,%d9%85%d8%b4%da%a9%db%8c-%d8%b3%d8%a8%d8%b2,,0,,,3,,,,,,,,,,0,#000000
3571,https://luxbaz.com/?taxonomy=pa_color-selector&term=%da%a9%d8%a7%d8%b1%d8%a7%d9%85%d9%84%db%8c-%d8%b3%d9%81%db%8c%d8%af,کاراملی سفید,%da%a9%d8%a7%d8%b1%d8%a7%d9%85%d9%84%db%8c-%d8%b3%d9%81%db%8c%d8%af,,0,,,1,,,,,,,,,,0,#C19A6B
3572,https://luxbaz.com/?taxonomy=pa_color-selector&term=%d9%86%d8%b3%da%a9%d8%a7%d9%81%d9%87-%d8%a7%db%8c-%da%a9%d8%b1%d9%85,نسکافه ای کرم,%d9%86%d8%b3%da%a9%d8%a7%d9%81%d9%87-%d8%a7%db%8c-%da%a9%d8%b1%d9%85,,0,,,1,,,,,,,,,,0,#C8A882
3573,https://luxbaz.com/?taxonomy=pa_color-selector&term=%d9%85%d8%b4%da%a9%db%8c-%d8%b3%d9%81%db%8c%d8%af,مشکی سفید,%d9%85%d8%b4%da%a9%db%8c-%d8%b3%d9%81%db%8c%d8%af,,0,,,1,,,,,,,,,,0,#000000
3574,https://luxbaz.com/?taxonomy=pa_color-selector&term=%d9%86%d8%a7%d8%b1%d9%86%d8%ac%db%8c-%d8%b3%d9%81%db%8c%d8%af,نارنجی سفید,%d9%86%d8%a7%d8%b1%d9%86%d8%ac%db%8c-%d8%b3%d9%81%db%8c%d8%af,,0,,,1,,,,,,,,,,0,#FFA500
3575,https://luxbaz.com/?taxonomy=pa_color-selector&term=%d8%b2%d8%b1%d8%b4%da%a9%db%8c-%d8%b3%d9%81%db%8c%d8%af,زرشکی سفید,%d8%b2%d8%b1%d8%b4%da%a9%db%8c-%d8%b3%d9%81%db%8c%d8%af,,0,,,1,,,,,,,,,,0,#8B0000
3576,https://luxbaz.com/?taxonomy=pa_color-selector&term=%d8%b9%d8%b3%d9%84%db%8c-%d8%b7%d8%b1%d8%ad-10,عسلی طرح 10,%d8%b9%d8%b3%d9%84%db%8c-%d8%b7%d8%b1%d8%ad-10,,0,,,1,,,,,,,,,,0,#C68642
3577,https://luxbaz.com/?taxonomy=pa_color-selector&term=%d8%b9%d8%b3%d9%84%db%8c-%d8%b7%d8%b1%d8%ad-11,عسلی طرح 11,%d8%b9%d8%b3%d9%84%db%8c-%d8%b7%d8%b1%d8%ad-11,,0,,,1,,,,,,,,,,0,#C68642
3578,https://luxbaz.com/?taxonomy=pa_color-selector&term=%d8%b9%d8%b3%d9%84%db%8c-%d8%b7%d8%b1%d8%ad-4,عسلی طرح 4,%d8%b9%d8%b3%d9%84%db%8c-%d8%b7%d8%b1%d8%ad-4,,0,,,1,,,,,,,,,,0,#C68642
3579,https://luxbaz.com/?taxonomy=pa_color-selector&term=%d8%b9%d8%b3%d9%84%db%8c-%d8%b7%d8%b1%d8%ad-5,عسلی طرح 5,%d8%b9%d8%b3%d9%84%db%8c-%d8%b7%d8%b1%d8%ad-5,,0,,,1,,,,,,,,,,0,#C68642
3580,https://luxbaz.com/?taxonomy=pa_color-selector&term=%d8%b9%d8%b3%d9%84%db%8c-%d8%b7%d8%b1%d8%ad-6,عسلی طرح 6,%d8%b9%d8%b3%d9%84%db%8c-%d8%b7%d8%b1%d8%ad-6,,0,,,1,,,,,,,,,,0,#C68642
3581,https://luxbaz.com/?taxonomy=pa_color-selector&term=%d8%b9%d8%b3%d9%84%db%8c-%d8%b7%d8%b1%d8%ad-7,عسلی طرح 7,%d8%b9%d8%b3%d9%84%db%8c-%d8%b7%d8%b1%d8%ad-7,,0,,,1,,,,,,,,,,0,#C68642
3582,https://luxbaz.com/?taxonomy=pa_color-selector&term=%d8%b3%d9%81%db%8c%d8%af-%d8%b7%d8%b1%d8%ad-%d8%af%d8%a7%d8%b1,سفید طرح دار,%d8%b3%d9%81%db%8c%d8%af-%d8%b7%d8%b1%d8%ad-%d8%af%d8%a7%d8%b1,,0,,,1,,,,,,,,,,0,#FFFFFF
3583,https://luxbaz.com/?taxonomy=pa_color-selector&term=%d8%b7%d9%84%d8%a7%d8%a6%db%8c-%d9%be%d9%84%d9%86%da%af%db%8c,طلائی پلنگی,%d8%b7%d9%84%d8%a7%d8%a6%db%8c-%d9%be%d9%84%d9%86%da%af%db%8c,,0,,,1,,,,,,,,,,0,#FFD700
3584,https://luxbaz.com/?taxonomy=pa_color-selector&term=%d8%b7%d9%88%d8%b3%db%8c-%d8%aa%db%8c%d8%b1%d9%87-%da%af%d9%88%da%86%db%8c-%d8%b1%db%8c%d8%b2,طوسی تیره گوچی ریز,%d8%b7%d9%88%d8%b3%db%8c-%d8%aa%db%8c%d8%b1%d9%87-%da%af%d9%88%da%86%db%8c-%d8%b1%db%8c%d8%b2,,0,,,2,,,,,,,,,,0,#696969
3585,https://luxbaz.com/?taxonomy=pa_color-selector&term=%d9%82%d9%87%d9%88%d9%87-%d8%a7%db%8c-%d8%b7%d8%b1%d8%ad-%d8%af%d8%a7%d8%b1,قهوه ای طرح دار,%d9%82%d9%87%d9%88%d9%87-%d8%a7%db%8c-%d8%b7%d8%b1%d8%ad-%d8%af%d8%a7%d8%b1,,0,,,1,,,,,,,,,,0,#8B4513
3586,https://luxbaz.com/?taxonomy=pa_color-selector&term=%d9%85%d8%b4%da%a9%db%8c-lv-%d8%af%d8%b1%d8%b4%d8%aa,مشکی LV درشت,%d9%85%d8%b4%da%a9%db%8c-lv-%d8%af%d8%b1%d8%b4%d8%aa,,0,,,2,,,,,,,,,,0,#000000
3587,https://luxbaz.com/?taxonomy=pa_color-selector&term=%d9%85%d8%b4%da%a9%db%8c-%d8%b7%d8%b1%d8%ad-%d8%af%d8%a7%d8%b1,مشکی طرح دار,%d9%85%d8%b4%da%a9%db%8c-%d8%b7%d8%b1%d8%ad-%d8%af%d8%a7%d8%b1,,0,,,1,,,,,,,,,,0,#000000
3588,https://luxbaz.com/?taxonomy=pa_color-selector&term=%d8%b7%d9%88%d8%b3%db%8c-%d8%aa%db%8c%d8%b1%d9%87-%da%a9%d9%86%d9%81%db%8c,طوسی تیره کنفی,%d8%b7%d9%88%d8%b3%db%8c-%d8%aa%db%8c%d8%b1%d9%87-%da%a9%d9%86%d9%81%db%8c,,0,,,3,,,,,,,,,,0,#696969
3589,https://luxbaz.com/?taxonomy=pa_color-selector&term=%d8%b7%d9%88%d8%b3%db%8c-%d8%b1%d9%88%d8%b4%d9%86-%da%a9%d9%86%d9%81%db%8c,طوسی روشن کنفی,%d8%b7%d9%88%d8%b3%db%8c-%d8%b1%d9%88%d8%b4%d9%86-%da%a9%d9%86%d9%81%db%8c,,0,,,8,,,,,,,,,,0,#C0C0C0
3590,https://luxbaz.com/?taxonomy=pa_color-selector&term=%d9%82%d9%87%d9%88%d9%87-%d8%a7%db%8c-%d9%81%d9%86%d8%af%db%8c,قهوه ای فندی,%d9%82%d9%87%d9%88%d9%87-%d8%a7%db%8c-%d9%81%d9%86%d8%af%db%8c,,0,,,1,,,,,,,,,,0,#8B4513
3591,https://luxbaz.com/?taxonomy=pa_color-selector&term=%da%a9%d8%b1%d9%85-coach,کرم Coach,%da%a9%d8%b1%d9%85-coach,,0,,,4,,,,,,,,,,0,#FFFDD0
3592,https://luxbaz.com/?taxonomy=pa_color-selector&term=%da%a9%d8%b1%d9%85-lv,کرم LV,%da%a9%d8%b1%d9%85-lv,,0,,,1,,,,,,,,,,0,#FFFDD0
3593,https://luxbaz.com/?taxonomy=pa_color-selector&term=%da%a9%d8%b1%d9%85-%d9%be%db%8c%da%86%d8%a7%d8%b2%db%8c,کرم پیچازی,%da%a9%d8%b1%d9%85-%d9%be%db%8c%da%86%d8%a7%d8%b2%db%8c,,0,,,2,,,,,,,,,,0,#FFFDD0
3594,https://luxbaz.com/?taxonomy=pa_color-selector&term=%d9%85%d8%b4%da%a9%db%8c-%d8%af%db%8c%d9%88%d8%b1,مشکی دیور,%d9%85%d8%b4%da%a9%db%8c-%d8%af%db%8c%d9%88%d8%b1,,0,,,1,,,,,,,,,,0,#000000
3595,https://luxbaz.com/?taxonomy=pa_color-selector&term=%d8%b9%d8%b3%d9%84%db%8c-%d9%81%d9%86%d8%af%db%8c,عسلی فندی,%d8%b9%d8%b3%d9%84%db%8c-%d9%81%d9%86%d8%af%db%8c,,0,,,5,,,,,,,,,,0,#C68642
3596,https://luxbaz.com/?taxonomy=pa_color-selector&term=%da%a9%d8%b1%d9%85-%d8%b1%d9%88%d8%b4%d9%86-%da%a9%d9%86%d9%81%db%8c,کرم روشن کنفی,%da%a9%d8%b1%d9%85-%d8%b1%d9%88%d8%b4%d9%86-%da%a9%d9%86%d9%81%db%8c,,0,,,3,,,,,,,,,,0,#FFF8DC
3597,https://luxbaz.com/?taxonomy=pa_color-selector&term=%d8%b2%d8%b1%d8%b4%da%a9%db%8c-%d8%b4%d8%b1%d8%a7%d9%86%da%af,زرشکی شرانگ,%d8%b2%d8%b1%d8%b4%da%a9%db%8c-%d8%b4%d8%b1%d8%a7%d9%86%da%af,,0,,,1,,,,,,,,,,0,#8B0000
3598,https://luxbaz.com/?taxonomy=pa_color-selector&term=%d8%b9%d8%b3%d9%84%db%8c-%d8%b4%d8%b1%d8%a7%d9%86%da%af,عسلی شرانگ,%d8%b9%d8%b3%d9%84%db%8c-%d8%b4%d8%b1%d8%a7%d9%86%da%af,,0,,,3,,,,,,,,,,0,#C68642
3599,https://luxbaz.com/?taxonomy=pa_color-selector&term=%d9%86%d8%b3%da%a9%d8%a7%d9%81%d9%87-%d8%a7%db%8c-%d8%b4%d8%b1%d8%a7%d9%86%da%af,نسکافه ای شرانگ,%d9%86%d8%b3%da%a9%d8%a7%d9%81%d9%87-%d8%a7%db%8c-%d8%b4%d8%b1%d8%a7%d9%86%da%af,,0,,,5,,,,,,,,,,0,#6F4E37
3600,https://luxbaz.com/?taxonomy=pa_color-selector&term=%db%8c%d8%a7%d8%b3%db%8c-%d8%b4%d8%b1%d8%a7%d9%86%da%af,یاسی شرانگ,%db%8c%d8%a7%d8%b3%db%8c-%d8%b4%d8%b1%d8%a7%d9%86%da%af,,0,,,2,,,,,,,,,,0,#EE82EE
3601,https://luxbaz.com/?taxonomy=pa_color-selector&term=%da%a9%d8%a7%d8%b1%d8%a7%d9%85%d9%84%db%8c-%da%a9%d9%86%d9%81%db%8c,کاراملی کنفی,%da%a9%d8%a7%d8%b1%d8%a7%d9%85%d9%84%db%8c-%da%a9%d9%86%d9%81%db%8c,,0,,,1,,,,,,,,,,0,#C19A6B
3602,https://luxbaz.com/?taxonomy=pa_color-selector&term=%d8%b3%d8%a8%d8%b2-%da%a9%d9%86%d9%81%db%8c,سبز کنفی,%d8%b3%d8%a8%d8%b2-%da%a9%d9%86%d9%81%db%8c,,0,,,1,,,,,,,,,,0,#1d9a34
3603,https://luxbaz.com/?taxonomy=pa_color-selector&term=%d8%b7%d9%88%d8%b3%db%8c-%d8%b1%d9%88%d8%b4%d9%86-%d8%b7%d8%b1%d8%ad-8,طوسی روشن طرح 8,%d8%b7%d9%88%d8%b3%db%8c-%d8%b1%d9%88%d8%b4%d9%86-%d8%b7%d8%b1%d8%ad-8,,0,,,1,,,,,,,,,,0,#C0C0C0
3604,https://luxbaz.com/?taxonomy=pa_color-selector&term=%d9%86%d8%b3%da%a9%d8%a7%d9%81%d9%87-%d8%a7%db%8c-%d8%b7%d8%b1%d8%ad-10,نسکافه ای طرح 10,%d9%86%d8%b3%da%a9%d8%a7%d9%81%d9%87-%d8%a7%db%8c-%d8%b7%d8%b1%d8%ad-10,,0,,,1,,,,,,,,,,0,#6F4E37
3605,https://luxbaz.com/?taxonomy=pa_color-selector&term=%d9%86%d8%b3%da%a9%d8%a7%d9%81%d9%87-%d8%a7%db%8c-%d8%b7%d8%b1%d8%ad-5,نسکافه ای طرح 5,%d9%86%d8%b3%da%a9%d8%a7%d9%81%d9%87-%d8%a7%db%8c-%d8%b7%d8%b1%d8%ad-5,,0,,,1,,,,,,,,,,0,#6F4E37
3606,https://luxbaz.com/?taxonomy=pa_color-selector&term=%d9%82%d9%87%d9%88%d9%87-%d8%a7%db%8c-barbery,قهوه ای Barbery,%d9%82%d9%87%d9%88%d9%87-%d8%a7%db%8c-barbery,,0,,,3,,,,,,,,,,0,#8B4513
3607,https://luxbaz.com/?taxonomy=pa_color-selector&term=%da%a9%d8%a7%d8%b1%d8%a7%d9%85%d9%84%db%8c-barbery,کاراملی Barbery,%da%a9%d8%a7%d8%b1%d8%a7%d9%85%d9%84%db%8c-barbery,,0,,,4,,,,,,,,,,0,#C19A6B
3608,https://luxbaz.com/?taxonomy=pa_color-selector&term=%da%a9%d8%b1%d9%85-barbery,کرم Barbery,%da%a9%d8%b1%d9%85-barbery,,0,,,4,,,,,,,,,,0,#FFFDD0
3609,https://luxbaz.com/?taxonomy=pa_color-selector&term=%d8%b3%d8%b1%d9%85%d9%87-%d8%a7%db%8c-%d9%be%d8%a7%d8%b1%da%86%d9%87-%d8%a7%db%8c,سرمه ای پارچه ای,%d8%b3%d8%b1%d9%85%d9%87-%d8%a7%db%8c-%d9%be%d8%a7%d8%b1%da%86%d9%87-%d8%a7%db%8c,,0,,,2,,,,,,,,,,0,#000080
3610,https://luxbaz.com/?taxonomy=pa_color-selector&term=%d8%b3%d8%a8%d8%b2-%d9%be%d9%88%d8%b3%d8%aa-%d9%85%d8%a7%d8%b1%db%8c,سبز پوست ماری,%d8%b3%d8%a8%d8%b2-%d9%be%d9%88%d8%b3%d8%aa-%d9%85%d8%a7%d8%b1%db%8c,,0,,,0,,,,,,,,,,0,#1d9a34
3611,https://luxbaz.com/?taxonomy=pa_color-selector&term=%d8%a2%d8%a8%db%8c-%d8%af%d8%b1%d8%a7%da%af%d9%88%d9%86,آبی دراگون,%d8%a2%d8%a8%db%8c-%d8%af%d8%b1%d8%a7%da%af%d9%88%d9%86,,0,,,1,,,,,,,,,,0,#1a6ff9
3612,https://luxbaz.com/?taxonomy=pa_color-selector&term=%d8%a2%d8%a8%db%8c-%da%a9%d8%a7%d8%b1%d8%a8%d9%86%db%8c-%d8%af%d8%b1%d8%a7%da%af%d9%88%d9%86,آبی کاربنی دراگون,%d8%a2%d8%a8%db%8c-%da%a9%d8%a7%d8%b1%d8%a8%d9%86%db%8c-%d8%af%d8%b1%d8%a7%da%af%d9%88%d9%86,,0,,,1,,,,,,,,,,0,#6082B6
3613,https://luxbaz.com/?taxonomy=pa_color-selector&term=%d8%a8%d9%86%d9%81%d8%b4-%d8%af%d8%b1%d8%a7%da%af%d9%88%d9%86,بنفش دراگون,%d8%a8%d9%86%d9%81%d8%b4-%d8%af%d8%b1%d8%a7%da%af%d9%88%d9%86,,0,,,2,,,,,,,,,,0,#5947da
3614,https://luxbaz.com/?taxonomy=pa_color-selector&term=%d8%b2%d8%b1%d8%af-%d8%ae%d8%b1%d8%af%d9%84%db%8c-%d8%af%d8%b1%d8%a7%da%af%d9%88%d9%86,زرد خردلی دراگون,%d8%b2%d8%b1%d8%af-%d8%ae%d8%b1%d8%af%d9%84%db%8c-%d8%af%d8%b1%d8%a7%da%af%d9%88%d9%86,,0,,,2,,,,,,,,,,0,#FFDB58
3615,https://luxbaz.com/?taxonomy=pa_color-selector&term=%d8%b3%d8%a8%d8%b2-%d8%af%d8%b1%d8%a7%da%af%d9%88%d9%86,سبز دراگون,%d8%b3%d8%a8%d8%b2-%d8%af%d8%b1%d8%a7%da%af%d9%88%d9%86,,0,,,1,,,,,,,,,,0,#1d9a34
3616,https://luxbaz.com/?taxonomy=pa_color-selector&term=%d8%b3%d8%a8%d8%b2-%d8%b3%d8%af%d8%b1%db%8c-%d8%af%d8%b1%d8%a7%da%af%d9%88%d9%86,سبز سدری دراگون,%d8%b3%d8%a8%d8%b2-%d8%b3%d8%af%d8%b1%db%8c-%d8%af%d8%b1%d8%a7%da%af%d9%88%d9%86,,0,,,1,,,,,,,,,,0,#2E8B57
3617,https://luxbaz.com/?taxonomy=pa_color-selector&term=%d8%b3%d8%b1%d8%ae%d8%a7%d8%a8%db%8c-%d8%af%d8%b1%d8%a7%da%af%d9%88%d9%86,سرخابی دراگون,%d8%b3%d8%b1%d8%ae%d8%a7%d8%a8%db%8c-%d8%af%d8%b1%d8%a7%da%af%d9%88%d9%86,,0,,,1,,,,,,,,,,0,#DC143C
3618,https://luxbaz.com/?taxonomy=pa_color-selector&term=%d8%b3%d9%81%db%8c%d8%af-%d8%af%d8%b1%d8%a7%da%af%d9%88%d9%86,سفید دراگون,%d8%b3%d9%81%db%8c%d8%af-%d8%af%d8%b1%d8%a7%da%af%d9%88%d9%86,,0,,,1,,,,,,,,,,0,#FFFFFF
3619,https://luxbaz.com/?taxonomy=pa_color-selector&term=%d8%b7%d9%88%d8%b3%db%8c-%d8%b1%d9%88%d8%b4%d9%86-%d8%af%d8%b1%d8%a7%da%af%d9%88%d9%86,طوسی روشن دراگون,%d8%b7%d9%88%d8%b3%db%8c-%d8%b1%d9%88%d8%b4%d9%86-%d8%af%d8%b1%d8%a7%da%af%d9%88%d9%86,,0,,,1,,,,,,,,,,0,#C0C0C0
3620,https://luxbaz.com/?taxonomy=pa_color-selector&term=%d8%b9%d8%b3%d9%84%db%8c-%d8%af%d8%b1%d8%a7%da%af%d9%88%d9%86,عسلی دراگون,%d8%b9%d8%b3%d9%84%db%8c-%d8%af%d8%b1%d8%a7%da%af%d9%88%d9%86,,0,,,1,,,,,,,,,,0,#C68642
3621,https://luxbaz.com/?taxonomy=pa_color-selector&term=%da%a9%d8%b1%d9%85-%d8%af%d8%b1%d8%a7%da%af%d9%88%d9%86,کرم دراگون,%da%a9%d8%b1%d9%85-%d8%af%d8%b1%d8%a7%da%af%d9%88%d9%86,,0,,,1,,,,,,,,,,0,#FFFDD0
3622,https://luxbaz.com/?taxonomy=pa_color-selector&term=%d9%86%d8%a7%d8%b1%d9%86%d8%ac%db%8c-%d8%af%d8%b1%d8%a7%da%af%d9%88%d9%86,نارنجی دراگون,%d9%86%d8%a7%d8%b1%d9%86%d8%ac%db%8c-%d8%af%d8%b1%d8%a7%da%af%d9%88%d9%86,,0,,,1,,,,,,,,,,0,#f67912
3623,https://luxbaz.com/?taxonomy=pa_color-selector&term=%d9%86%d8%b3%da%a9%d8%a7%d9%81%d9%87-%d8%a7%db%8c-%d8%af%d8%b1%d8%a7%da%af%d9%88%d9%86,نسکافه ای دراگون,%d9%86%d8%b3%da%a9%d8%a7%d9%81%d9%87-%d8%a7%db%8c-%d8%af%d8%b1%d8%a7%da%af%d9%88%d9%86,,0,,,1,,,,,,,,,,0,#6F4E37
3624,https://luxbaz.com/?taxonomy=pa_color-selector&term=%db%8c%d8%a7%d8%b3%db%8c-%d8%af%d8%b1%d8%a7%da%af%d9%88%d9%86,یاسی دراگون,%db%8c%d8%a7%d8%b3%db%8c-%d8%af%d8%b1%d8%a7%da%af%d9%88%d9%86,,0,,,1,,,,,,,,,,0,#EE82EE
3625,https://luxbaz.com/?taxonomy=pa_color-selector&term=%d9%85%d8%b4%da%a9%db%8c-%d9%be%d9%84%d9%86%da%af%db%8c,مشکی پلنگی,%d9%85%d8%b4%da%a9%db%8c-%d9%be%d9%84%d9%86%da%af%db%8c,,0,,,3,,,,,,,,,,0,#000000
3626,https://luxbaz.com/?taxonomy=pa_color-selector&term=%d9%85%d8%b4%da%a9%db%8c-%d8%b7%d8%b1%d8%ad-11,مشکی طرح 11,%d9%85%d8%b4%da%a9%db%8c-%d8%b7%d8%b1%d8%ad-11,,0,,,1,,,,,,,,,,0,#000000
3627,https://luxbaz.com/?taxonomy=pa_color-selector&term=%d9%85%d8%b4%da%a9%db%8c-%d8%b7%d8%b1%d8%ad-8,مشکی طرح 8,%d9%85%d8%b4%da%a9%db%8c-%d8%b7%d8%b1%d8%ad-8,,0,,,2,,,,,,,,,,0,#000000
3628,https://luxbaz.com/?taxonomy=pa_color-selector&term=%d9%85%d8%b4%da%a9%db%8c-%d8%b7%d8%b1%d8%ad-9,مشکی طرح 9,%d9%85%d8%b4%da%a9%db%8c-%d8%b7%d8%b1%d8%ad-9,,0,,,2,,,,,,,,,,0,#000000
3629,https://luxbaz.com/?taxonomy=pa_color-selector&term=%d8%b7%d9%88%d8%b3%db%8c-%d8%aa%db%8c%d8%b1%d9%87-coach,طوسی تیره Coach,%d8%b7%d9%88%d8%b3%db%8c-%d8%aa%db%8c%d8%b1%d9%87-coach,,0,,,1,,,,,,,,,,0,#696969
3630,https://luxbaz.com/?taxonomy=pa_color-selector&term=%d8%b7%d9%88%d8%b3%db%8c-%d8%b1%d9%88%d8%b4%d9%86-%da%af%d9%88%da%86%db%8c-%d8%b1%db%8c%d8%b2,طوسی روشن گوچی ریز,%d8%b7%d9%88%d8%b3%db%8c-%d8%b1%d9%88%d8%b4%d9%86-%da%af%d9%88%da%86%db%8c-%d8%b1%db%8c%d8%b2,,0,,,1,,,,,,,,,,0,#C0C0C0
3631,https://luxbaz.com/?taxonomy=pa_color-selector&term=%d8%b7%d9%88%d8%b3%db%8c-%d8%b1%d9%88%d8%b4%d9%86-%d8%b4%d8%b1%d8%a7%d9%86%da%af,طوسی روشن شرانگ,%d8%b7%d9%88%d8%b3%db%8c-%d8%b1%d9%88%d8%b4%d9%86-%d8%b4%d8%b1%d8%a7%d9%86%da%af,,0,,,1,,,,,,,,,,0,#C0C0C0
3632,https://luxbaz.com/?taxonomy=pa_color-selector&term=%da%a9%d8%b1%d9%85-%d8%b4%d8%b1%d8%a7%d9%86%da%af,کرم شرانگ,%da%a9%d8%b1%d9%85-%d8%b4%d8%b1%d8%a7%d9%86%da%af,,0,,,5,,,,,,,,,,0,#FFFDD0
3633,https://luxbaz.com/?taxonomy=pa_color-selector&term=%d9%82%d9%87%d9%88%d9%87-%d8%a7%db%8c-%d8%b4%d8%b1%d8%a7%d9%86%da%af,قهوه ای شرانگ,%d9%82%d9%87%d9%88%d9%87-%d8%a7%db%8c-%d8%b4%d8%b1%d8%a7%d9%86%da%af,,0,,,4,,,,,,,,,,0,#8B4513
3634,https://luxbaz.com/?taxonomy=pa_color-selector&term=%d9%82%d9%87%d9%88%d9%87-%d8%a7%db%8c-coach,قهوه ای Coach,%d9%82%d9%87%d9%88%d9%87-%d8%a7%db%8c-coach,,0,,,4,,,,,,,,,,0,#8B4513
3635,https://luxbaz.com/?taxonomy=pa_color-selector&term=%da%a9%d8%b1%d9%85-%da%a9%d9%86%d9%81%db%8c,کرم کنفی,%da%a9%d8%b1%d9%85-%da%a9%d9%86%d9%81%db%8c,,0,,,1,,,,,,,,,,0,#FFFDD0
3636,https://luxbaz.com/?taxonomy=pa_color-selector&term=%d8%b9%d8%b3%d9%84%db%8c-%d9%86%d8%a7%d9%86%d8%b3%db%8c,عسلی نانسی,%d8%b9%d8%b3%d9%84%db%8c-%d9%86%d8%a7%d9%86%d8%b3%db%8c,,0,,,1,,,,,,,,,,0,#C68642
3637,https://luxbaz.com/?taxonomy=pa_color-selector&term=%d9%86%d9%82%d8%b1%d9%87-%d8%a7%db%8c-%d9%be%d9%88%d8%b3%d8%aa-%d9%85%d8%a7%d8%b1%db%8c,نقره ای پوست ماری,%d9%86%d9%82%d8%b1%d9%87-%d8%a7%db%8c-%d9%be%d9%88%d8%b3%d8%aa-%d9%85%d8%a7%d8%b1%db%8c,,0,,,1,,,,,,,,,,0,#C0C0C0
3638,https://luxbaz.com/?taxonomy=pa_color-selector&term=%d8%b3%d9%81%db%8c%d8%af-%d8%b7%d8%b1%d8%ad-1,سفید طرح 1,%d8%b3%d9%81%db%8c%d8%af-%d8%b7%d8%b1%d8%ad-1,,0,,,3,,,,,,,,,,0,#FFFFFF
3639,https://luxbaz.com/?taxonomy=pa_color-selector&term=%d8%a2%d8%a8%db%8c-%da%86%d9%87%d8%a7%d8%b1%d8%ae%d9%88%d9%86%d9%87,آبی چهارخونه,%d8%a2%d8%a8%db%8c-%da%86%d9%87%d8%a7%d8%b1%d8%ae%d9%88%d9%86%d9%87,,0,,,1,,,,,,,,,,0,#1a6ff9
3640,https://luxbaz.com/?taxonomy=pa_color-selector&term=%d9%86%d8%b3%da%a9%d8%a7%d9%81%d9%87-%d8%a7%db%8c-%da%86%d9%87%d8%a7%d8%b1%d8%ae%d9%88%d9%86%d9%87,نسکافه ای چهارخونه,%d9%86%d8%b3%da%a9%d8%a7%d9%81%d9%87-%d8%a7%db%8c-%da%86%d9%87%d8%a7%d8%b1%d8%ae%d9%88%d9%86%d9%87,,0,,,1,,,,,,,,,,0,#6F4E37
3641,https://luxbaz.com/?taxonomy=pa_color-selector&term=%d8%a2%d8%a8%db%8c-%d8%b3%d9%86%da%af%db%8c,آبی سنگی,%d8%a2%d8%a8%db%8c-%d8%b3%d9%86%da%af%db%8c,,0,,,1,,,,,,,,,,0,#1a6ff9
3642,https://luxbaz.com/?taxonomy=pa_color-selector&term=%d8%b3%d8%a8%d8%b2-%d9%85%d8%ba%d8%b2-%d9%be%d8%b3%d8%aa%d9%87-%d8%a7%db%8c-%d9%88%d8%b1%d9%86%db%8c,سبز مغز پسته ای ورنی,%d8%b3%d8%a8%d8%b2-%d9%85%d8%ba%d8%b2-%d9%be%d8%b3%d8%aa%d9%87-%d8%a7%db%8c-%d9%88%d8%b1%d9%86%db%8c,,0,,,1,,,,,,,,,,0,#93C572
3643,https://luxbaz.com/?taxonomy=pa_color-selector&term=%d8%b3%d9%81%db%8c%d8%af-%d9%88%d8%b1%d9%86%db%8c,سفید ورنی,%d8%b3%d9%81%db%8c%d8%af-%d9%88%d8%b1%d9%86%db%8c,,0,,,2,,,,,,,,,,0,#FFFFFF
3644,https://luxbaz.com/?taxonomy=pa_color-selector&term=%d8%b5%d9%88%d8%b1%d8%aa%db%8c-%d8%b3%d9%86%da%af%db%8c,صورتی سنگی,%d8%b5%d9%88%d8%b1%d8%aa%db%8c-%d8%b3%d9%86%da%af%db%8c,,0,,,1,,,,,,,,,,0,#FFC0CB
3645,https://luxbaz.com/?taxonomy=pa_color-selector&term=%d8%b7%d9%84%d8%a7%d8%a6%db%8c-%d9%88%d8%b1%d9%86%db%8c,طلائی ورنی,%d8%b7%d9%84%d8%a7%d8%a6%db%8c-%d9%88%d8%b1%d9%86%db%8c,,0,,,1,,,,,,,,,,0,#FFD700
3646,https://luxbaz.com/?taxonomy=pa_color-selector&term=%d8%b7%d9%88%d8%b3%db%8c-%d8%aa%db%8c%d8%b1%d9%87-%d8%b3%d9%86%da%af%db%8c,طوسی تیره سنگی,%d8%b7%d9%88%d8%b3%db%8c-%d8%aa%db%8c%d8%b1%d9%87-%d8%b3%d9%86%da%af%db%8c,,0,,,1,,,,,,,,,,0,#696969
3647,https://luxbaz.com/?taxonomy=pa_color-selector&term=%d8%b7%d9%88%d8%b3%db%8c-%d8%b1%d9%88%d8%b4%d9%86-%d9%88%d8%b1%d9%86%db%8c,طوسی روشن ورنی,%d8%b7%d9%88%d8%b3%db%8c-%d8%b1%d9%88%d8%b4%d9%86-%d9%88%d8%b1%d9%86%db%8c,,0,,,1,,,,,,,,,,0,#C0C0C0
3648,https://luxbaz.com/?taxonomy=pa_color-selector&term=%d9%82%d8%b1%d9%85%d8%b2-%d9%88%d8%b1%d9%86%db%8c,قرمز ورنی,%d9%82%d8%b1%d9%85%d8%b2-%d9%88%d8%b1%d9%86%db%8c,,0,,,1,,,,,,,,,,0,#f41e1e
3649,https://luxbaz.com/?taxonomy=pa_color-selector&term=%da%a9%d8%b1%d9%85-%d9%88%d8%b1%d9%86%db%8c,کرم ورنی,%da%a9%d8%b1%d9%85-%d9%88%d8%b1%d9%86%db%8c,,0,,,1,,,,,,,,,,0,#FFFDD0
3650,https://luxbaz.com/?taxonomy=pa_color-selector&term=%d9%82%d9%87%d9%88%d9%87-%d8%a7%db%8c-%da%a9%d8%b1%d9%85,قهوه ای کرم,%d9%82%d9%87%d9%88%d9%87-%d8%a7%db%8c-%da%a9%d8%b1%d9%85,,0,,,1,,,,,,,,,,0,#8B4513
3651,https://luxbaz.com/?taxonomy=pa_color-selector&term=%da%a9%d8%b1%d9%85-%d8%b1%d9%88%d8%b4%d9%86-%d9%88%d8%b1%d9%86%db%8c,کرم روشن ورنی,%da%a9%d8%b1%d9%85-%d8%b1%d9%88%d8%b4%d9%86-%d9%88%d8%b1%d9%86%db%8c,,0,,,1,,,,,,,,,,0,#FFF8DC
3652,https://luxbaz.com/?taxonomy=pa_color-selector&term=%d9%85%d8%b4%da%a9%db%8c-%d9%88%d8%b1%d9%86%db%8c,مشکی ورنی,%d9%85%d8%b4%da%a9%db%8c-%d9%88%d8%b1%d9%86%db%8c,,0,,,1,,,,,,,,,,0,#000000
3653,https://luxbaz.com/?taxonomy=pa_color-selector&term=%da%a9%d8%b1%d9%85-mk-%d8%af%d8%b1%d8%b4%d8%aa,کرم MK درشت,%da%a9%d8%b1%d9%85-mk-%d8%af%d8%b1%d8%b4%d8%aa,,0,,,1,,,,,,,,,,0,#FFFDD0
3654,https://luxbaz.com/?taxonomy=pa_color-selector&term=%d9%85%d8%b4%da%a9%db%8c-%d9%84%d9%88%db%8c%db%8c-%d9%88%db%8c%d8%aa%d9%88%d9%86-%d8%b1%db%8c%d8%b2,مشکی لویی ویتون ریز,%d9%85%d8%b4%da%a9%db%8c-%d9%84%d9%88%db%8c%db%8c-%d9%88%db%8c%d8%aa%d9%88%d9%86-%d8%b1%db%8c%d8%b2,,0,,,3,,,,,,,,,,0,#000000
3655,https://luxbaz.com/?taxonomy=pa_color-selector&term=%d8%b4%da%a9%d9%84%d8%a7%d8%aa%db%8c-coach,شکلاتی Coach,%d8%b4%da%a9%d9%84%d8%a7%d8%aa%db%8c-coach,,0,,,1,,,,,,,,,,0,#7B3F00
3656,https://luxbaz.com/?taxonomy=pa_color-selector&term=%d8%b4%da%a9%d9%84%d8%a7%d8%aa%db%8c-%da%af%d9%88%da%86%db%8c-%d8%b1%db%8c%d8%b2,شکلاتی گوچی ریز,%d8%b4%da%a9%d9%84%d8%a7%d8%aa%db%8c-%da%af%d9%88%da%86%db%8c-%d8%b1%db%8c%d8%b2,,0,,,1,,,,,,,,,,0,#7B3F00
3657,https://luxbaz.com/?taxonomy=pa_color-selector&term=%d8%b7%d9%88%d8%b3%db%8c-%d8%b1%d9%88%d8%b4%d9%86-coach,طوسی روشن Coach,%d8%b7%d9%88%d8%b3%db%8c-%d8%b1%d9%88%d8%b4%d9%86-coach,,0,,,2,,,,,,,,,,0,#C0C0C0
3658,https://luxbaz.com/?taxonomy=pa_color-selector&term=%d8%b3%d8%a8%d8%b2-%d9%be%d9%84%d9%86%da%af%db%8c,سبز پلنگی,%d8%b3%d8%a8%d8%b2-%d9%be%d9%84%d9%86%da%af%db%8c,,0,,,1,,,,,,,,,,0,#1d9a34
3659,https://luxbaz.com/?taxonomy=pa_color-selector&term=%d8%b9%d8%b3%d9%84%db%8c-%d9%be%d9%84%d9%86%da%af%db%8c,عسلی پلنگی,%d8%b9%d8%b3%d9%84%db%8c-%d9%be%d9%84%d9%86%da%af%db%8c,,0,,,1,,,,,,,,,,0,#C68642
3660,https://luxbaz.com/?taxonomy=pa_color-selector&term=%d9%86%d8%b3%da%a9%d8%a7%d9%81%d9%87-%d8%a7%db%8c-%d9%be%d9%84%d9%86%da%af%db%8c,نسکافه ای پلنگی,%d9%86%d8%b3%da%a9%d8%a7%d9%81%d9%87-%d8%a7%db%8c-%d9%be%d9%84%d9%86%da%af%db%8c,,0,,,1,,,,,,,,,,0,#6F4E37
3661,https://luxbaz.com/?taxonomy=pa_color-selector&term=%d8%b3%d9%81%db%8c%d8%af-%d8%b4%d8%b1%d8%a7%d9%86%da%af,سفید شرانگ,%d8%b3%d9%81%db%8c%d8%af-%d8%b4%d8%b1%d8%a7%d9%86%da%af,,0,,,4,,,,,,,,,,0,#FFFFFF
3662,https://luxbaz.com/?taxonomy=pa_color-selector&term=%d9%82%d9%87%d9%88%d9%87-%d8%a7%db%8c-%d8%b1%d9%88%d8%b4%d9%86-%d8%b4%d8%b1%d8%a7%d9%86%da%af,قهوه ای روشن شرانگ,%d9%82%d9%87%d9%88%d9%87-%d8%a7%db%8c-%d8%b1%d9%88%d8%b4%d9%86-%d8%b4%d8%b1%d8%a7%d9%86%da%af,,0,,,2,,,,,,,,,,0,#A0522D
3663,https://luxbaz.com/?taxonomy=pa_color-selector&term=%da%a9%d8%b1%d9%85-%d9%84%d9%88%db%8c%db%8c-%d9%88%db%8c%d8%aa%d9%88%d9%86-%d8%af%d8%b1%d8%b4%d8%aa,کرم لویی ویتون درشت,%da%a9%d8%b1%d9%85-%d9%84%d9%88%db%8c%db%8c-%d9%88%db%8c%d8%aa%d9%88%d9%86-%d8%af%d8%b1%d8%b4%d8%aa,,0,,,2,,,,,,,,,,0,#FFFDD0
3664,https://luxbaz.com/?taxonomy=pa_color-selector&term=%d8%b3%d8%b1%d9%85%d9%87-%d8%a7%db%8c-%d8%b4%d8%b1%d8%a7%d9%86%da%af,سرمه ای شرانگ,%d8%b3%d8%b1%d9%85%d9%87-%d8%a7%db%8c-%d8%b4%d8%b1%d8%a7%d9%86%da%af,,0,,,2,,,,,,,,,,0,#000080
3665,https://luxbaz.com/?taxonomy=pa_color-selector&term=%d9%85%d8%b4%da%a9%db%8c-channel,مشکی channel,%d9%85%d8%b4%da%a9%db%8c-channel,,0,,,1,,,,,,,,,,0,#000000
3666,https://luxbaz.com/?taxonomy=pa_color-selector&term=%d8%b3%d8%b1%d9%85%d9%87-%d8%a7%db%8c-%d9%be%db%8c%da%86%d8%a7%d8%b2%db%8c,سرمه ای پیچازی,%d8%b3%d8%b1%d9%85%d9%87-%d8%a7%db%8c-%d9%be%db%8c%da%86%d8%a7%d8%b2%db%8c,,0,,,1,,,,,,,,,,0,#000080
3667,https://luxbaz.com/?taxonomy=pa_color-selector&term=%d8%b3%d9%81%db%8c%d8%af-%da%86%d9%87%d8%a7%d8%b1%d8%ae%d9%88%d9%86%d9%87,سفید چهارخونه,%d8%b3%d9%81%db%8c%d8%af-%da%86%d9%87%d8%a7%d8%b1%d8%ae%d9%88%d9%86%d9%87,,0,,,2,,,,,,,,,,0,#FFFFFF
3668,https://luxbaz.com/?taxonomy=pa_color-selector&term=%d8%b2%d8%b1%d8%b4%da%a9%db%8c-%d9%86%d8%a7%d9%86%d8%b3%db%8c,زرشکی نانسی,%d8%b2%d8%b1%d8%b4%da%a9%db%8c-%d9%86%d8%a7%d9%86%d8%b3%db%8c,,0,,,1,,,,,,,,,,0,#8B0000
3669,https://luxbaz.com/?taxonomy=pa_color-selector&term=%d8%b3%d9%81%db%8c%d8%af-%d9%86%d8%a7%d9%86%d8%b3%db%8c,سفید نانسی,%d8%b3%d9%81%db%8c%d8%af-%d9%86%d8%a7%d9%86%d8%b3%db%8c,,0,,,1,,,,,,,,,,0,#FFFFFF
3670,https://luxbaz.com/?taxonomy=pa_color-selector&term=%d9%87%d9%88%d9%84%d9%88%da%af%d8%b1%d8%a7%d9%85%db%8c-lv-%d8%af%d8%b1%d8%b4%d8%aa,هولوگرامی LV درشت,%d9%87%d9%88%d9%84%d9%88%da%af%d8%b1%d8%a7%d9%85%db%8c-lv-%d8%af%d8%b1%d8%b4%d8%aa,,0,,,1,,,,,,,,,,0,#C0C0C0
3671,https://luxbaz.com/?taxonomy=pa_color-selector&term=%d9%87%d9%88%d9%84%d9%88%da%af%d8%b1%d8%a7%d9%85%db%8c-%da%af%d9%88%da%86%db%8c-%d8%b1%db%8c%d8%b2,هولوگرامی گوچی ریز,%d9%87%d9%88%d9%84%d9%88%da%af%d8%b1%d8%a7%d9%85%db%8c-%da%af%d9%88%da%86%db%8c-%d8%b1%db%8c%d8%b2,,0,,,1,,,,,,,,,,0,#C0C0C0
3672,https://luxbaz.com/?taxonomy=pa_color-selector&term=%d8%b2%d8%b1%d8%b4%da%a9%db%8c-%d8%b7%d8%b1%d8%ad-1,زرشکی طرح 1,%d8%b2%d8%b1%d8%b4%da%a9%db%8c-%d8%b7%d8%b1%d8%ad-1,,0,,,1,,,,,,,,,,0,#8B0000
3673,https://luxbaz.com/?taxonomy=pa_color-selector&term=%d8%b3%d8%b1%d9%85%d9%87-%d8%a7%db%8c-%d9%be%d9%88%d8%b3%d8%aa-%d9%85%d8%a7%d8%b1%db%8c,سرمه ای پوست ماری,%d8%b3%d8%b1%d9%85%d9%87-%d8%a7%db%8c-%d9%be%d9%88%d8%b3%d8%aa-%d9%85%d8%a7%d8%b1%db%8c,,0,,,1,,,,,,,,,,0,#000080
3674,https://luxbaz.com/?taxonomy=pa_color-selector&term=%d8%b3%d8%b1%d9%85%d9%87-%d8%a7%db%8c-%d9%84%d9%88%db%8c%db%8c-%d9%88%db%8c%d8%aa%d9%88%d9%86-%d8%af%d8%a7%d8%ba%db%8c,سرمه ای لویی ویتون داغی,%d8%b3%d8%b1%d9%85%d9%87-%d8%a7%db%8c-%d9%84%d9%88%db%8c%db%8c-%d9%88%db%8c%d8%aa%d9%88%d9%86-%d8%af%d8%a7%d8%ba%db%8c,,0,,,1,,,,,,,,,,0,#000080
3675,https://luxbaz.com/?taxonomy=pa_color-selector&term=%d8%b5%d9%88%d8%b1%d8%aa%db%8c-%d8%b7%d8%b1%d8%ad-1,صورتی طرح 1,%d8%b5%d9%88%d8%b1%d8%aa%db%8c-%d8%b7%d8%b1%d8%ad-1,,0,,,1,,,,,,,,,,0,#FFC0CB
3676,https://luxbaz.com/?taxonomy=pa_color-selector&term=%d8%b7%d9%84%d8%a7%d8%a6%db%8c-%d9%84%d9%88%db%8c%db%8c-%d9%88%db%8c%d8%aa%d9%88%d9%86-%d8%af%d8%a7%d8%ba%db%8c,طلائی لویی ویتون داغی,%d8%b7%d9%84%d8%a7%d8%a6%db%8c-%d9%84%d9%88%db%8c%db%8c-%d9%88%db%8c%d8%aa%d9%88%d9%86-%d8%af%d8%a7%d8%ba%db%8c,,0,,,1,,,,,,,,,,0,#FFD700
3677,https://luxbaz.com/?taxonomy=pa_color-selector&term=%d8%b7%d9%88%d8%b3%db%8c-%d8%aa%db%8c%d8%b1%d9%87-%d9%be%d9%88%d8%b3%d8%aa-%d9%85%d8%a7%d8%b1%db%8c,طوسی تیره پوست ماری,%d8%b7%d9%88%d8%b3%db%8c-%d8%aa%db%8c%d8%b1%d9%87-%d9%be%d9%88%d8%b3%d8%aa-%d9%85%d8%a7%d8%b1%db%8c,,0,,,1,,,,,,,,,,0,#696969
3678,https://luxbaz.com/?taxonomy=pa_color-selector&term=%d8%b7%d9%88%d8%b3%db%8c-%d8%b1%d9%88%d8%b4%d9%86-%d9%84%d9%88%db%8c%db%8c-%d9%88%db%8c%d8%aa%d9%88%d9%86-%d8%af%d8%a7%d8%ba%db%8c,طوسی روشن لویی ویتون داغی,%d8%b7%d9%88%d8%b3%db%8c-%d8%b1%d9%88%d8%b4%d9%86-%d9%84%d9%88%db%8c%db%8c-%d9%88%db%8c%d8%aa%d9%88%d9%86-%d8%af%d8%a7%d8%ba%db%8c,,0,,,1,,,,,,,,,,0,#C0C0C0
3679,https://luxbaz.com/?taxonomy=pa_color-selector&term=%d8%a8%d9%86%d9%81%d8%b4-%d8%b7%d8%b1%d8%ad-%d8%af%d8%a7%d8%b1,بنفش طرح دار,%d8%a8%d9%86%d9%81%d8%b4-%d8%b7%d8%b1%d8%ad-%d8%af%d8%a7%d8%b1,,0,,,1,,,,,,,,,,0,#5947da
3680,https://luxbaz.com/?taxonomy=pa_color-selector&term=%d8%b3%d8%b1%d9%85%d9%87-%d8%a7%db%8c-%d8%b7%d8%b1%d8%ad-%d8%af%d8%a7%d8%b1,سرمه ای طرح دار,%d8%b3%d8%b1%d9%85%d9%87-%d8%a7%db%8c-%d8%b7%d8%b1%d8%ad-%d8%af%d8%a7%d8%b1,,0,,,1,,,,,,,,,,0,#000080
3681,https://luxbaz.com/?taxonomy=pa_color-selector&term=%d9%85%d8%b4%da%a9%db%8c-%d8%a2%d8%a8%db%8c,مشکی آبی,%d9%85%d8%b4%da%a9%db%8c-%d8%a2%d8%a8%db%8c,,0,,,2,,,,,,,,,,0,#1a1a4e
3682,https://luxbaz.com/?taxonomy=pa_color-selector&term=%d8%b2%d8%b1%d8%af-%d8%b7%d8%b1%d8%ad-1,زرد طرح 1,%d8%b2%d8%b1%d8%af-%d8%b7%d8%b1%d8%ad-1,,0,,,2,,,,,,,,,,0,#FFFF00
3683,https://luxbaz.com/?taxonomy=pa_color-selector&term=%d8%b3%d8%a8%d8%b2-%da%86%d9%87%d8%a7%d8%b1%d8%ae%d9%88%d9%86%d9%87,سبز چهارخونه,%d8%b3%d8%a8%d8%b2-%da%86%d9%87%d8%a7%d8%b1%d8%ae%d9%88%d9%86%d9%87,,0,,,2,,,,,,,,,,0,#1d9a34
3684,https://luxbaz.com/?taxonomy=pa_color-selector&term=%d8%b3%d8%b1%d9%85%d9%87-%d8%a7%db%8c-%d8%b7%d8%b1%d8%ad-1,سرمه ای طرح 1,%d8%b3%d8%b1%d9%85%d9%87-%d8%a7%db%8c-%d8%b7%d8%b1%d8%ad-1,,0,,,2,,,,,,,,,,0,#000080
3685,https://luxbaz.com/?taxonomy=pa_color-selector&term=%da%a9%d8%a7%d9%84%d8%a8%d8%a7%d8%b3%db%8c,کالباسی,%da%a9%d8%a7%d9%84%d8%a8%d8%a7%d8%b3%db%8c,,0,,,2,,,,,,,,,,0,#C0392B
3686,https://luxbaz.com/?taxonomy=pa_color-selector&term=%d8%a2%d8%a8%db%8c-%d8%b7%d8%b1%d8%ad-1,آبی طرح 1,%d8%a2%d8%a8%db%8c-%d8%b7%d8%b1%d8%ad-1,,0,,,2,,,,,,,,,,0,#1a6ff9
3687,https://luxbaz.com/?taxonomy=pa_color-selector&term=%d8%a8%d9%86%d9%81%d8%b4-%d8%b7%d8%b1%d8%ad-1,بنفش طرح 1,%d8%a8%d9%86%d9%81%d8%b4-%d8%b7%d8%b1%d8%ad-1,,0,,,1,,,,,,,,,,0,#5947da
3688,https://luxbaz.com/?taxonomy=pa_color-selector&term=%d8%b3%d8%a8%d8%b2-%d8%b7%d8%b1%d8%ad-1,سبز طرح 1,%d8%b3%d8%a8%d8%b2-%d8%b7%d8%b1%d8%ad-1,,0,,,2,,,,,,,,,,0,#1d9a34
3689,https://luxbaz.com/?taxonomy=pa_color-selector&term=%d8%b3%d9%81%db%8c%d8%af-%d8%b7%d8%b1%d8%ad-2,سفید طرح 2,%d8%b3%d9%81%db%8c%d8%af-%d8%b7%d8%b1%d8%ad-2,,0,,,1,,,,,,,,,,0,#FFFFFF
3690,https://luxbaz.com/?taxonomy=pa_color-selector&term=%d9%82%d8%b1%d9%85%d8%b2-%d8%b7%d8%b1%d8%ad-1,قرمز طرح 1,%d9%82%d8%b1%d9%85%d8%b2-%d8%b7%d8%b1%d8%ad-1,,0,,,1,,,,,,,,,,0,#f41e1e
3691,https://luxbaz.com/?taxonomy=pa_color-selector&term=%d9%82%d8%b1%d9%85%d8%b2-%d8%b7%d8%b1%d8%ad-2,قرمز طرح 2,%d9%82%d8%b1%d9%85%d8%b2-%d8%b7%d8%b1%d8%ad-2,,0,,,1,,,,,,,,,,0,#f41e1e
3692,https://luxbaz.com/?taxonomy=pa_color-selector&term=%d8%b3%d8%a8%d8%b2-nike,سبز NIKE,%d8%b3%d8%a8%d8%b2-nike,,0,,,3,,,,,,,,,,0,#1d9a34
3693,https://luxbaz.com/?taxonomy=pa_color-selector&term=%d8%b9%d8%b3%d9%84%db%8c-%d9%be%d8%a7%d8%b1%da%86%d9%87-%d8%a7%db%8c,عسلی پارچه ای,%d8%b9%d8%b3%d9%84%db%8c-%d9%be%d8%a7%d8%b1%da%86%d9%87-%d8%a7%db%8c,,0,,,1,,,,,,,,,,0,#C68642
3694,https://luxbaz.com/?taxonomy=pa_color-selector&term=%d8%b7%d9%88%d8%b3%db%8c-%d8%aa%db%8c%d8%b1%d9%87-%d8%b7%d8%b1%d8%ad-1,طوسی تیره طرح 1,%d8%b7%d9%88%d8%b3%db%8c-%d8%aa%db%8c%d8%b1%d9%87-%d8%b7%d8%b1%d8%ad-1,,0,,,3,,,,,,,,,,0,#696969
3695,https://luxbaz.com/?taxonomy=pa_color-selector&term=%d8%b7%d9%88%d8%b3%db%8c-%d8%aa%db%8c%d8%b1%d9%87-%d8%b7%d8%b1%d8%ad-2,طوسی تیره طرح 2,%d8%b7%d9%88%d8%b3%db%8c-%d8%aa%db%8c%d8%b1%d9%87-%d8%b7%d8%b1%d8%ad-2,,0,,,1,,,,,,,,,,0,#696969
3696,https://luxbaz.com/?taxonomy=pa_color-selector&term=%d8%a2%d8%a8%db%8c-%d8%b7%d8%b1%d8%ad-4,آبی طرح 4,%d8%a2%d8%a8%db%8c-%d8%b7%d8%b1%d8%ad-4,,0,,,1,,,,,,,,,,0,#1a6ff9
3697,https://luxbaz.com/?taxonomy=pa_color-selector&term=%d8%a2%d8%a8%db%8c-%d9%86%d9%81%d8%aa%db%8c-%d8%b7%d9%88%d8%b3%db%8c-%d8%b1%d9%88%d8%b4%d9%86,آبی نفتی طوسی روشن,%d8%a2%d8%a8%db%8c-%d9%86%d9%81%d8%aa%db%8c-%d8%b7%d9%88%d8%b3%db%8c-%d8%b1%d9%88%d8%b4%d9%86,,0,,,1,,,,,,,,,,0,#006994
3698,https://luxbaz.com/?taxonomy=pa_color-selector&term=%d8%b2%d8%b1%d8%af-%d8%ae%d8%b1%d8%af%d9%84%db%8c-%d8%b3%d9%86%da%af%db%8c,زرد خردلی سنگی,%d8%b2%d8%b1%d8%af-%d8%ae%d8%b1%d8%af%d9%84%db%8c-%d8%b3%d9%86%da%af%db%8c,,0,,,1,,,,,,,,,,0,#FFDB58
3699,https://luxbaz.com/?taxonomy=pa_color-selector&term=%d8%b3%d8%b1%d8%ae%d8%a7%d8%a8%db%8c-%d8%b4%d8%b1%d8%a7%d9%86%da%af,سرخابی شرانگ,%d8%b3%d8%b1%d8%ae%d8%a7%d8%a8%db%8c-%d8%b4%d8%b1%d8%a7%d9%86%da%af,,0,,,1,,,,,,,,,,0,#DC143C
3700,https://luxbaz.com/?taxonomy=pa_color-selector&term=%d8%b5%d9%88%d8%b1%d8%aa%db%8c-%d8%b4%d8%b1%d8%a7%d9%86%da%af,صورتی شرانگ,%d8%b5%d9%88%d8%b1%d8%aa%db%8c-%d8%b4%d8%b1%d8%a7%d9%86%da%af,,0,,,1,,,,,,,,,,0,#FFC0CB
3701,https://luxbaz.com/?taxonomy=pa_color-selector&term=%d9%86%d8%a7%d8%b1%d9%86%d8%ac%db%8c-%d8%b3%d9%86%da%af%db%8c,نارنجی سنگی,%d9%86%d8%a7%d8%b1%d9%86%d8%ac%db%8c-%d8%b3%d9%86%da%af%db%8c,,0,,,1,,,,,,,,,,0,#f67912
3702,https://luxbaz.com/?taxonomy=pa_color-selector&term=%d9%86%d8%a7%d8%b1%d9%86%d8%ac%db%8c-%d8%b4%d8%b1%d8%a7%d9%86%da%af,نارنجی شرانگ,%d9%86%d8%a7%d8%b1%d9%86%d8%ac%db%8c-%d8%b4%d8%b1%d8%a7%d9%86%da%af,,0,,,1,,,,,,,,,,0,#f67912
3703,https://luxbaz.com/?taxonomy=pa_color-selector&term=%d9%85%d8%b4%da%a9%db%8c-%d8%b3%d8%a8%d8%b2-%d8%b3%d8%af%d8%b1%db%8c,مشکی سبز سدری,%d9%85%d8%b4%da%a9%db%8c-%d8%b3%d8%a8%d8%b2-%d8%b3%d8%af%d8%b1%db%8c,,0,,,1,,,,,,,,,,0,#001a0d
3704,https://luxbaz.com/?taxonomy=pa_color-selector&term=%d9%85%d8%b4%da%a9%db%8c-%d8%b3%d8%b1%d9%85%d9%87-%d8%a7%db%8c,مشکی سرمه ای,%d9%85%d8%b4%da%a9%db%8c-%d8%b3%d8%b1%d9%85%d9%87-%d8%a7%db%8c,,0,,,2,,,,,,,,,,0,#000033
3705,https://luxbaz.com/?taxonomy=pa_color-selector&term=%d8%b3%d8%b1%d8%ae%d8%a7%d8%a8%db%8c-%d9%86%d8%a7%d9%86%d8%b3%db%8c,سرخابی نانسی,%d8%b3%d8%b1%d8%ae%d8%a7%d8%a8%db%8c-%d9%86%d8%a7%d9%86%d8%b3%db%8c,,0,,,1,,,,,,,,,,0,#DC143C
3706,https://luxbaz.com/?taxonomy=pa_color-selector&term=%d8%b5%d9%88%d8%b1%d8%aa%db%8c-%d9%86%d8%a7%d9%86%d8%b3%db%8c,صورتی نانسی,%d8%b5%d9%88%d8%b1%d8%aa%db%8c-%d9%86%d8%a7%d9%86%d8%b3%db%8c,,0,,,1,,,,,,,,,,0,#FFC0CB
3707,https://luxbaz.com/?taxonomy=pa_color-selector&term=%da%a9%d8%b1%d9%85-%d8%b1%d9%88%d8%b4%d9%86-%d9%86%d8%a7%d9%86%d8%b3%db%8c,کرم روشن نانسی,%da%a9%d8%b1%d9%85-%d8%b1%d9%88%d8%b4%d9%86-%d9%86%d8%a7%d9%86%d8%b3%db%8c,,0,,,1,,,,,,,,,,0,#FFF8DC
3708,https://luxbaz.com/?taxonomy=pa_color-selector&term=%d8%b3%d8%a8%d8%b2-%da%a9%d9%84%d9%87-%d8%ba%d8%a7%d8%b2%db%8c,سبز کله غازی,%d8%b3%d8%a8%d8%b2-%da%a9%d9%84%d9%87-%d8%ba%d8%a7%d8%b2%db%8c,,0,,,1,,,,,,,,,,0,#4B7B3A
3709,https://luxbaz.com/?taxonomy=pa_color-selector&term=%d9%85%d8%b4%da%a9%db%8c-%d8%b2%d8%b1%d8%af,مشکی زرد,%d9%85%d8%b4%da%a9%db%8c-%d8%b2%d8%b1%d8%af,,0,,,1,,,,,,,,,,0,#1a1a00
3710,https://luxbaz.com/?taxonomy=pa_color-selector&term=%d9%85%d8%b4%da%a9%db%8c-%d8%b7%d9%88%d8%b3%db%8c-%d8%aa%db%8c%d8%b1%d9%87,مشکی طوسی تیره,%d9%85%d8%b4%da%a9%db%8c-%d8%b7%d9%88%d8%b3%db%8c-%d8%aa%db%8c%d8%b1%d9%87,,0,,,1,,,,,,,,,,0,#111111
3711,https://luxbaz.com/?taxonomy=pa_color-selector&term=%d9%85%d8%b4%da%a9%db%8c-%d9%82%d8%b1%d9%85%d8%b2,مشکی قرمز,%d9%85%d8%b4%da%a9%db%8c-%d9%82%d8%b1%d9%85%d8%b2,,0,,,1,,,,,,,,,,0,#1a0000
3712,https://luxbaz.com/?taxonomy=pa_color-selector&term=%d9%85%d8%b4%da%a9%db%8c,مشکی,%d9%85%d8%b4%da%a9%db%8c,,0,,,120,,,,,,,,,,0,#220101
3719,https://luxbaz.com/?taxonomy=pa_color-selector&term=toosi-tireh-nancy,طوسی تیره نانسی,toosi-tireh-nancy,,0,,,2,,,,,,,,,,0,#4A4A4A
3720,https://luxbaz.com/?taxonomy=pa_color-selector&term=vizon,ویزون,vizon,,0,,,1,,,,,,,,,,0,#8B7355
3721,https://luxbaz.com/?taxonomy=pa_color-selector&term=toosi-tireh-sharang,طوسی تیره شرانگ,toosi-tireh-sharang,,0,,,1,,,,,,,,,,0,#3D3D3D
3722,https://luxbaz.com/?taxonomy=pa_color-selector&term=karameli-sharang,کاراملی شرانگ,karameli-sharang,,0,,,1,,,,,,,,,,0,#C68E3F
3723,https://luxbaz.com/?taxonomy=pa_color-selector&term=sabz-maghze-pesteei-dragon,سبز مغز پسته ای دراگون,sabz-maghze-pesteei-dragon,,0,,,1,,,,,,,,,,0,#9DC183
3724,https://luxbaz.com/?taxonomy=pa_color-selector&term=sormei-tarh-2,سرمه ای طرح 2,sormei-tarh-2,,0,,,1,,,,,,,,,,0,#1B2A4A
3725,https://luxbaz.com/?taxonomy=pa_color-selector&term=sabz-kalleh-ghazi-nike,سبز کله غازی NIKE,sabz-kalleh-ghazi-nike,,0,,,1,,,,,,,,,,0,#6B8E23
3726,https://luxbaz.com/?taxonomy=pa_color-selector&term=sabz-maghze-pesteei-nike,سبز مغز پسته ای NIKE,sabz-maghze-pesteei-nike,,0,,,1,,,,,,,,,,0,#93C572
3727,https://luxbaz.com/?taxonomy=pa_color-selector&term=ghermez-nike,قرمز NIKE,ghermez-nike,,0,,,1,,,,,,,,,,0,#E3242B
3728,https://luxbaz.com/?taxonomy=pa_color-selector&term=asali-tarh-13,عسلی طرح 13,asali-tarh-13,,0,,,1,,,,,,,,,,0,#C68642
3729,https://luxbaz.com/?taxonomy=pa_color-selector&term=abi-karboni-tarh-1,آبی کاربنی طرح 1,abi-karboni-tarh-1,,0,,,1,,,,,,,,,,0,#2F4F6F
3730,https://luxbaz.com/?taxonomy=pa_color-selector&term=meshki-tarh-10,مشکی طرح 10,meshki-tarh-10,,0,,,1,,,,,,,,,,0,#1C1C1C
3731,https://luxbaz.com/?taxonomy=pa_color-selector&term=narenji-tarh-1,نارنجی طرح 1,narenji-tarh-1,,0,,,1,,,,,,,,,,0,#F4661B
